#
# A fatal error has been detected by the Java Runtime Environment:
#
#  EXCEPTION_ACCESS_VIOLATION (0xc0000005) at pc=0x00007fff72948c84, pid=45692, tid=41652
#
# JRE version: OpenJDK Runtime Environment (11.0.2+9) (build 11.0.2+9)
# Java VM: OpenJDK 64-Bit Server VM (11.0.2+9, mixed mode, tiered, compressed oops, g1 gc, windows-amd64)
# Problematic frame:
# C  0x00007fff72948c84
#
# No core dump will be written. Minidumps are not enabled by default on client versions of Windows
#
# If you would like to submit a bug report, please visit:
#   http://bugreport.java.com/bugreport/crash.jsp
# The crash happened outside the Java Virtual Machine in native code.
# See problematic frame for where to report the bug.
#

---------------  S U M M A R Y ------------

Command Line: -Dsun.java2d.pmoffscreen=false -Dhttps.protocols=TLSv1,TLSv1.1,TLSv1.2 -Dsun.java2d.xrender=false -Dsun.java2d.d3d=false -Dsun.awt.nopixfmt=true -Dsun.java2d.dpiaware=true -Dsun.java2d.uiScale.enabled=false -Xverify:none -Dswing.aatext=true -XX:-UsePerfData -Djdk.map.althashing.threshold=512 -XX:StringTableSize=4072 --add-opens=java.base/java.nio=ALL-UNNAMED --add-opens=java.desktop/sun.swing=ALL-UNNAMED --add-opens=java.desktop/javax.swing=ALL-UNNAMED --add-opens=java.desktop/javax.swing.tree=ALL-UNNAMED --add-opens=java.desktop/javax.swing.plaf.basic=ALL-UNNAMED --add-opens=java.desktop/javax.swing.plaf.synth=ALL-UNNAMED --add-opens=java.desktop/com.sun.awt=ALL-UNNAMED -XX:NewSize=60m -XX:MaxNewSize=60m -Xms128m -Xmx3072m -Xss5m 

Host: 12th Gen Intel(R) Core(TM) i7-1260P, 16 cores, 15G,  Windows 10 , 64 bit Build 26100 (10.0.26100.7920)
Time: Sun May  3 21:04:05 2026 대한민국 표준시 elapsed time: 25406 seconds (0d 7h 3m 26s)

---------------  T H R E A D  ---------------

Current thread (0x00000190cc108800):  JavaThread "AWT-EventQueue-0" [_thread_in_native, id=41652, stack(0x000000058a200000,0x000000058a700000)]

Stack: [0x000000058a200000,0x000000058a700000],  sp=0x000000058a6fca90,  free space=5106k
Native frames: (J=compiled Java code, j=interpreted, Vv=VM code, C=native code)
C  0x00007fff72948c84
C  0x00007fff7298865d
C  0x00007fff427f6726
C  0x00007fff42ab9028
C  0x00000190ec96f0b7

Java frames: (J=compiled Java code, j=interpreted, Vv=VM code)
j  ui.data.labtools.lthwdatai.HWDevice_getStatus(J)Ljava/lang/String;+0
j  ui.data.labtools.e.aLC()Ljava/lang/String;+4
j  ui.dlg.s.ag.fFE()V+70
j  ui.dlg.s.ag.av(Lui/data/bq;)V+13
J 23886 c1 ui.dlg.c.bm.ax(Lui/data/bq;)V (51 bytes) @ 0x00000190ef034934 [0x00000190ef0344c0+0x0000000000000474]
J 22624 c1 ui.views.cY.aOD()V (331 bytes) @ 0x00000190edcc9934 [0x00000190edcc8960+0x0000000000000fd4]
J 34190 c2 ui.i.hd(Z)V (173 bytes) @ 0x00000190f66d8888 [0x00000190f66d5aa0+0x0000000000002de8]
J 21892 c1 ui.i.handleTclEvent(Lui/frmwork/a/l;)V (103 bytes) @ 0x00000190ee5221e4 [0x00000190ee521320+0x0000000000000ec4]
J 34976 c2 ui.frmwork.E.i(JZ)V (471 bytes) @ 0x00000190f64b79c4 [0x00000190f64b5ea0+0x0000000000001b24]
J 37128 c2 ui.frmwork.E$$Lambda$203.run()V (12 bytes) @ 0x00000190f4d3bda8 [0x00000190f4d3bd60+0x0000000000000048]
J 14624 c2 java.awt.event.InvocationEvent.dispatch()V java.desktop@11.0.2 (69 bytes) @ 0x00000190f49111ac [0x00000190f4910fc0+0x00000000000001ec]
J 14407 c2 java.awt.EventQueue$4.run()Ljava/lang/Object; java.desktop@11.0.2 (5 bytes) @ 0x00000190f4f8241c [0x00000190f4f82360+0x00000000000000bc]
v  ~StubRoutines::call_stub
J 4724  java.security.AccessController.doPrivileged(Ljava/security/PrivilegedAction;Ljava/security/AccessControlContext;)Ljava/lang/Object; java.base@11.0.2 (0 bytes) @ 0x00000190f47c9a36 [0x00000190f47c99c0+0x0000000000000076]
J 14398 c2 java.awt.EventQueue.dispatchEvent(Ljava/awt/AWTEvent;)V java.desktop@11.0.2 (80 bytes) @ 0x00000190f4f7e74c [0x00000190f4f7e1c0+0x000000000000058c]
J 36672 c2 ui.frmwork.a.d.dispatchEvent(Ljava/awt/AWTEvent;)V (42 bytes) @ 0x00000190f6998e14 [0x00000190f6998da0+0x0000000000000074]
J 16522 c2 java.awt.EventDispatchThread.pumpOneEventForFilters(I)V java.desktop@11.0.2 (113 bytes) @ 0x00000190f52f6adc [0x00000190f52f6680+0x000000000000045c]
J 22176% c2 java.awt.EventDispatchThread.pumpEventsForFilter(ILjava/awt/Conditional;Ljava/awt/EventFilter;)V java.desktop@11.0.2 (47 bytes) @ 0x00000190f59a79d8 [0x00000190f59a78c0+0x0000000000000118]
j  java.awt.EventDispatchThread.pumpEventsForHierarchy(ILjava/awt/Conditional;Ljava/awt/Component;)V+11 java.desktop@11.0.2
j  java.awt.EventDispatchThread.pumpEvents(ILjava/awt/Conditional;)V+4 java.desktop@11.0.2
j  java.awt.EventDispatchThread.pumpEvents(Ljava/awt/Conditional;)V+3 java.desktop@11.0.2
j  java.awt.EventDispatchThread.run()V+9 java.desktop@11.0.2
v  ~StubRoutines::call_stub

siginfo: EXCEPTION_ACCESS_VIOLATION (0xc0000005), reading address 0x0000000000000019


Register to memory mapping:

RIP=0x00007fff72948c84 points into unknown readable memory: 80 7b 19 00
RAX=0x0000019097d98c80 points into unknown readable memory: 08 2c 54 7b ff 7f 00 00
RBX=0x0 is NULL
RCX=0x00000190979046a0 points into unknown readable memory: 90 8f d9 97 90 01 00 00
RDX=0x000000000000002d is an unknown value
RSP=0x000000058a6fca90 is pointing into the stack for thread: 0x00000190cc108800
RBP=0x0 is NULL
RSI=0x00000190979046a0 points into unknown readable memory: 90 8f d9 97 90 01 00 00
RDI=0x0000019097d98c80 points into unknown readable memory: 08 2c 54 7b ff 7f 00 00
R8 =0x0 is NULL
R9 =0x0 is NULL
R10=0x00000190a17f0000 points into unknown readable memory: 00 00 00 00 00 00 00 00
R11=0x000000058a6fca80 is pointing into the stack for thread: 0x00000190cc108800
R12=0x0 is NULL
R13={method} {0x000001910f1aa9c8} 'HWDevice_getStatus' '(J)Ljava/lang/String;' in 'ui/data/labtools/lthwdatai'
R14=0x0 is NULL
R15=0x00000190cc108800 is a thread


Registers:
RAX=0x0000019097d98c80, RBX=0x0000000000000000, RCX=0x00000190979046a0, RDX=0x000000000000002d
RSP=0x000000058a6fca90, RBP=0x0000000000000000, RSI=0x00000190979046a0, RDI=0x0000019097d98c80
R8 =0x0000000000000000, R9 =0x0000000000000000, R10=0x00000190a17f0000, R11=0x000000058a6fca80
R12=0x0000000000000000, R13=0x000001910f1aa9c0, R14=0x0000000000000000, R15=0x00000190cc108800
RIP=0x00007fff72948c84, EFLAGS=0x0000000000010206

Top of Stack: (sp=0x000000058a6fca90)
0x000000058a6fca90:   0000000759cdc100 000000058a6fcb20
0x000000058a6fcaa0:   000000058a6fccf0 eb39b80100000001
0x000000058a6fcab0:   fffffffffffffffe 00656c62616d6d61
0x000000058a6fcac0:   00000190cc108b40 00000190e4093720
0x000000058a6fcad0:   00000000e8077030 00007fff7298865d
0x000000058a6fcae0:   00000190e4093720 000000070000002d
0x000000058a6fcaf0:   000000058a6fccf0 00000007403b8180
0x000000058a6fcb00:   fffffffffffffffe 00000190e4093720
0x000000058a6fcb10:   000000058a6fcbc0 00007fff427f6726
0x000000058a6fcb20:   000000000000002d 000000050000002d
0x000000058a6fcb30:   000000058a6fccf0 00000190f46217cc
0x000000058a6fcb40:   0000000000000001 fffffffffffffffe
0x000000058a6fcb50:   00000007403b8180 00007fff42ab9028
0x000000058a6fcb60:   000001910f1aa9c0 000000058a6fcbc0
0x000000058a6fcb70:   0000000749e44dc0 e832420100000000
0x000000058a6fcb80:   00000190cc108b40 fffffffffffffffe 

Instructions: (pc=0x00007fff72948c84)
0x00007fff72948c64:   ff 48 89 5c 24 50 48 89 6c 24 60 41 0f b6 e9 45
0x00007fff72948c74:   8b f0 48 8b f1 48 8b 79 08 48 8b 5f 08 48 8b c7
0x00007fff72948c84:   80 7b 19 00 75 2e 66 0f 1f 44 00 00 48 8d 4b 20
0x00007fff72948c94:   48 8d 54 24 58 e8 72 a8 ff ff 84 c0 74 06 48 8b 


Stack slot to memory mapping:
stack at sp + 0 slots: 0x0000000759cdc100 is an oop: java.beans.PropertyChangeEvent 
{0x0000000759cdc100} - klass: 'java/beans/PropertyChangeEvent'
stack at sp + 1 slots: 0x000000058a6fcb20 is pointing into the stack for thread: 0x00000190cc108800
stack at sp + 2 slots: 0x000000058a6fccf0 is pointing into the stack for thread: 0x00000190cc108800
stack at sp + 3 slots: 0xeb39b80100000001 is an unknown value
stack at sp + 4 slots: 0xfffffffffffffffe is an unknown value
stack at sp + 5 slots: 0x00656c62616d6d61 is an unknown value
stack at sp + 6 slots: 0x00000190cc108b40 points into unknown readable memory: a0 1c b2 9a ff 7f 00 00
stack at sp + 7 slots: 0x00000190e4093720 points into unknown readable memory: f0 0b bb 72 ff 7f 00 00


---------------  P R O C E S S  ---------------

Threads class SMR info:
_java_thread_list=0x0000019088f58d00, length=89, elements={
0x00000190caef5800, 0x00000190e465b800, 0x00000190c88a1800, 0x00000190ca83e800,
0x00000190ca83f000, 0x00000190c823e800, 0x00000190c823f800, 0x00000190e3b71000,
0x00000190cab5d800, 0x00000190ca9e8800, 0x00000190cb852000, 0x00000190cb88b800,
0x00000190cb88c800, 0x00000190cb7b3800, 0x00000190cc108800, 0x00000190aa954000,
0x00000190aad76000, 0x00000190aad15000, 0x00000190ab6ca800, 0x00000190ab6cf800,
0x00000190ab6cd000, 0x00000190ab6d0000, 0x00000190b0b10800, 0x00000190b0b14800,
0x00000190b0b12000, 0x00000190b0b17000, 0x00000190b0b16000, 0x00000190b0b1a000,
0x00000190b0b17800, 0x00000190b0b11000, 0x00000190ab6cc000, 0x00000190ab6cd800,
0x00000190afcb8800, 0x00000190afcb6000, 0x00000190afcb9800, 0x00000190afcb7000,
0x00000190afcbc800, 0x00000190afcbb000, 0x00000190afcbd800, 0x00000190afcc0800,
0x00000190afcc1800, 0x00000190afcbf000, 0x00000190afcbe000, 0x00000190afcc4000,
0x00000190b0b12800, 0x00000190b0b18800, 0x00000190b0b1b000, 0x00000190b0b1e000,
0x00000190afcbc000, 0x00000190afcc2800, 0x00000190ab6d1000, 0x00000190afcc0000,
0x00000190afcc3000, 0x00000190b0b15000, 0x00000190a09d5000, 0x00000190a09d2800,
0x000001908f3ac000, 0x000001908f3b1000, 0x000001910a1dd000, 0x000001910a1e0800,
0x000001910a1de800, 0x000001910a1e1000, 0x00000190d3f0b000, 0x00000190d3f0f000,
0x000001910a1dc800, 0x000001910a1e3800, 0x000001908f3ab800, 0x00000190ab6ce800,
0x000001910a1eb000, 0x00000190a09da000, 0x00000191451c1800, 0x00000191a1e54000,
0x00000191a1e59000, 0x00000191a1e57000, 0x00000191a1e5a800, 0x00000191a1e58000,
0x00000191a1e54800, 0x00000191a1e55800, 0x00000191a1e56800, 0x00000191a1e5c000,
0x00000191a1e59800, 0x00000191a1e5e800, 0x00000191a1e5f800, 0x00000191a1e5d800,
0x00000191a1e60000, 0x00000191a1e63800, 0x00000191a1e61000, 0x00000191a1e53000,
0x00000191a1e65000
}

Java Threads: ( => current thread )
  0x00000190caef5800 JavaThread "main" [_thread_blocked, id=12316, stack(0x0000000585300000,0x0000000585400000)]
  0x00000190e465b800 JavaThread "Reference Handler" daemon [_thread_blocked, id=33076, stack(0x0000000585a00000,0x0000000585f00000)]
  0x00000190c88a1800 JavaThread "Finalizer" daemon [_thread_blocked, id=26164, stack(0x0000000585f00000,0x0000000586400000)]
  0x00000190ca83e800 JavaThread "Signal Dispatcher" daemon [_thread_blocked, id=48920, stack(0x0000000586400000,0x0000000586900000)]
  0x00000190ca83f000 JavaThread "Attach Listener" daemon [_thread_blocked, id=14032, stack(0x0000000586900000,0x0000000586e00000)]
  0x00000190c823e800 JavaThread "C2 CompilerThread0" daemon [_thread_blocked, id=37536, stack(0x0000000586e00000,0x0000000586f00000)]
  0x00000190c823f800 JavaThread "C1 CompilerThread0" daemon [_thread_blocked, id=44304, stack(0x0000000586f00000,0x0000000587000000)]
  0x00000190e3b71000 JavaThread "Sweeper thread" daemon [_thread_blocked, id=14788, stack(0x0000000587000000,0x0000000587500000)]
  0x00000190cab5d800 JavaThread "Common-Cleaner" daemon [_thread_blocked, id=3532, stack(0x0000000587900000,0x0000000587e00000)]
  0x00000190ca9e8800 JavaThread "Service Thread" daemon [_thread_blocked, id=21832, stack(0x0000000587e00000,0x0000000588300000)]
  0x00000190cb852000 JavaThread "Java2D Disposer" daemon [_thread_blocked, id=53168, stack(0x0000000588400000,0x0000000588900000)]
  0x00000190cb88b800 JavaThread "AWT-Shutdown" [_thread_blocked, id=18072, stack(0x0000000588900000,0x0000000588e00000)]
  0x00000190cb88c800 JavaThread "AWT-Windows" daemon [_thread_in_native, id=10000, stack(0x0000000588e00000,0x0000000589300000)]
  0x00000190cb7b3800 JavaThread "TimerQueue" daemon [_thread_blocked, id=37200, stack(0x0000000589300000,0x0000000589800000)]
=>0x00000190cc108800 JavaThread "AWT-EventQueue-0" [_thread_in_native, id=41652, stack(0x000000058a200000,0x000000058a700000)]
  0x00000190aa954000 JavaThread "Thread-1" [_thread_in_native, id=1760, stack(0x0000000583c00000,0x0000000585000000)]
  0x00000190aad76000 JavaThread "Process Messages Thread" [_thread_blocked, id=29736, stack(0x000000058ac00000,0x000000058b100000)]
  0x00000190aad15000 JavaThread "Batik CleanerThread" daemon [_thread_blocked, id=3980, stack(0x000000058a700000,0x000000058ac00000)]
  0x00000190ab6ca800 JavaThread "SyntheticaCleanerThread" daemon [_thread_blocked, id=12724, stack(0x000000058c400000,0x000000058c900000)]
  0x00000190ab6cf800 JavaThread "Monitor HEventQueue Thread" [_thread_blocked, id=38932, stack(0x000000058cc00000,0x000000058d100000)]
  0x00000190ab6cd000 JavaThread "SyntheticaAnimation 50" daemon [_thread_blocked, id=40168, stack(0x000000058d100000,0x000000058d600000)]
  0x00000190ab6d0000 JavaThread "SyntheticaAnimation 25" daemon [_thread_blocked, id=2276, stack(0x000000058d600000,0x000000058db00000)]
  0x00000190b0b10800 JavaThread "SyntheticaAnimation 70" daemon [_thread_blocked, id=3912, stack(0x000000058e000000,0x000000058e500000)]
  0x00000190b0b14800 JavaThread "Refresh Filesets Swing Worker Thread" [_thread_blocked, id=33584, stack(0x000000058e500000,0x000000058ea00000)]
  0x00000190b0b12000 JavaThread "hw_ila_monitor" [_thread_blocked, id=32804, stack(0x000000058ea00000,0x000000058ef00000)]
  0x00000190b0b17000 JavaThread "pool-1-thread-1" [_thread_blocked, id=35636, stack(0x000000058f400000,0x000000058f900000)]
  0x00000190b0b16000 JavaThread "pool-2-thread-1" [_thread_blocked, id=49036, stack(0x000000058f900000,0x000000058fe00000)]
  0x00000190b0b1a000 JavaThread "pool-3-thread-1" [_thread_blocked, id=35748, stack(0x000000058fe00000,0x0000000590300000)]
  0x00000190b0b17800 JavaThread "Update Runs Swing Worker Thread" [_thread_blocked, id=48852, stack(0x0000000590300000,0x0000000590800000)]
  0x00000190b0b11000 JavaThread "SyntheticaAnimation 50" daemon [_thread_blocked, id=11816, stack(0x0000000589a00000,0x0000000589f00000)]
  0x00000190ab6cc000 JavaThread "Thread-264" [_thread_in_native, id=41912, stack(0x0000000583900000,0x0000000583a00000)]
  0x00000190ab6cd800 JavaThread "Thread-265" [_thread_in_native, id=37300, stack(0x0000000583a00000,0x0000000583b00000)]
  0x00000190afcb8800 JavaThread "Thread-1084" [_thread_in_native, id=33864, stack(0x0000000583800000,0x0000000583900000)]
  0x00000190afcb6000 JavaThread "Thread-1085" [_thread_in_native, id=39184, stack(0x0000000583900000,0x0000000583a00000)]
  0x00000190afcb9800 JavaThread "Swing-Shell" daemon [_thread_blocked, id=48540, stack(0x000000058bd00000,0x000000058c200000)]
  0x00000190afcb7000 JavaThread "SyntheticaAnimation 50" daemon [_thread_blocked, id=41684, stack(0x000000058db00000,0x000000058e000000)]
  0x00000190afcbc800 JavaThread "Thread-2155" [_thread_in_native, id=13196, stack(0x0000000583a00000,0x0000000583b00000)]
  0x00000190afcbb000 JavaThread "Thread-2156" [_thread_in_native, id=54036, stack(0x0000000583800000,0x0000000583900000)]
  0x00000190afcbd800 JavaThread "Thread-2941" [_thread_in_native, id=22496, stack(0x0000000583a00000,0x0000000583b00000)]
  0x00000190afcc0800 JavaThread "Thread-2942" [_thread_in_native, id=14544, stack(0x0000000583800000,0x0000000583900000)]
  0x00000190afcc1800 JavaThread "Thread-4832" [_thread_in_native, id=1444, stack(0x0000000583900000,0x0000000583a00000)]
  0x00000190afcbf000 JavaThread "Thread-4833" [_thread_in_native, id=43712, stack(0x0000000583800000,0x0000000583900000)]
  0x00000190afcbe000 JavaThread "Thread-5744" [_thread_in_native, id=7424, stack(0x0000000583800000,0x0000000583900000)]
  0x00000190afcc4000 JavaThread "Thread-5746" [_thread_in_native, id=23680, stack(0x0000000583900000,0x0000000583a00000)]
  0x00000190b0b12800 JavaThread "Thread-6442" [_thread_in_native, id=53772, stack(0x0000000583800000,0x0000000583900000)]
  0x00000190b0b18800 JavaThread "Thread-6443" [_thread_in_native, id=18664, stack(0x0000000583900000,0x0000000583a00000)]
  0x00000190b0b1b000 JavaThread "Thread-7049" [_thread_in_native, id=26136, stack(0x0000000583900000,0x0000000583a00000)]
  0x00000190b0b1e000 JavaThread "Thread-7050" [_thread_in_native, id=47368, stack(0x0000000583800000,0x0000000583900000)]
  0x00000190afcbc000 JavaThread "Thread-8695" [_thread_in_native, id=6744, stack(0x0000000583900000,0x0000000583a00000)]
  0x00000190afcc2800 JavaThread "Thread-8696" [_thread_in_native, id=39364, stack(0x0000000583800000,0x0000000583900000)]
  0x00000190ab6d1000 JavaThread "Thread-11622" [_thread_in_native, id=23540, stack(0x0000000583800000,0x0000000583900000)]
  0x00000190afcc0000 JavaThread "Thread-11623" [_thread_in_native, id=56892, stack(0x0000000583900000,0x0000000583a00000)]
  0x00000190afcc3000 JavaThread "Thread-13958" [_thread_in_native, id=49664, stack(0x0000000583800000,0x0000000583900000)]
  0x00000190b0b15000 JavaThread "Thread-13959" [_thread_in_native, id=55652, stack(0x0000000583900000,0x0000000583a00000)]
  0x00000190a09d5000 JavaThread "Thread-15322" [_thread_in_native, id=14732, stack(0x0000000587500000,0x0000000587600000)]
  0x00000190a09d2800 JavaThread "Thread-15323" [_thread_in_native, id=8808, stack(0x0000000587600000,0x0000000587700000)]
  0x000001908f3ac000 JavaThread "Thread-16473" [_thread_in_native, id=36052, stack(0x0000000587500000,0x0000000587600000)]
  0x000001908f3b1000 JavaThread "Thread-16474" [_thread_in_native, id=41540, stack(0x0000000587600000,0x0000000587700000)]
  0x000001910a1dd000 JavaThread "Thread-17637" [_thread_in_native, id=30452, stack(0x0000000587500000,0x0000000587600000)]
  0x000001910a1e0800 JavaThread "Thread-17638" [_thread_in_native, id=23360, stack(0x0000000587600000,0x0000000587700000)]
  0x000001910a1de800 JavaThread "Thread-18436" [_thread_in_native, id=10160, stack(0x0000000587500000,0x0000000587600000)]
  0x000001910a1e1000 JavaThread "Thread-18437" [_thread_in_native, id=18604, stack(0x0000000587600000,0x0000000587700000)]
  0x00000190d3f0b000 JavaThread "Thread-19405" [_thread_in_native, id=13336, stack(0x0000000587500000,0x0000000587600000)]
  0x00000190d3f0f000 JavaThread "Thread-19406" [_thread_in_native, id=55484, stack(0x0000000587600000,0x0000000587700000)]
  0x000001910a1dc800 JavaThread "Thread-20380" [_thread_in_native, id=20100, stack(0x0000000587600000,0x0000000587700000)]
  0x000001910a1e3800 JavaThread "Thread-20381" [_thread_in_native, id=5520, stack(0x0000000587500000,0x0000000587600000)]
  0x000001908f3ab800 JavaThread "Thread-23025" [_thread_in_native, id=53716, stack(0x0000000587600000,0x0000000587700000)]
  0x00000190ab6ce800 JavaThread "Thread-23026" [_thread_in_native, id=52636, stack(0x0000000587700000,0x0000000587800000)]
  0x000001910a1eb000 JavaThread "Thread-23787" [_thread_in_native, id=20340, stack(0x0000000587500000,0x0000000587600000)]
  0x00000190a09da000 JavaThread "Thread-24654" [_thread_in_native, id=9528, stack(0x0000000587800000,0x0000000587900000)]
  0x00000191451c1800 JavaThread "Thread-25396" [_thread_in_native, id=26348, stack(0x000000058f200000,0x000000058f300000)]
  0x00000191a1e54000 JavaThread "Image Animator 0" daemon [_thread_blocked, id=9172, stack(0x0000000592e00000,0x0000000593300000)]
  0x00000191a1e59000 JavaThread "Thread-27389" [_thread_in_native, id=31168, stack(0x000000058f200000,0x000000058f300000)]
  0x00000191a1e57000 JavaThread "Thread-27390" [_thread_in_native, id=36352, stack(0x0000000591a00000,0x0000000591b00000)]
  0x00000191a1e5a800 JavaThread "Timer-5" [_thread_blocked, id=51676, stack(0x0000000593300000,0x0000000593800000)]
  0x00000191a1e58000 JavaThread "Monitor File Timestamp Swing Worker Thread" [_thread_blocked, id=17464, stack(0x0000000593800000,0x0000000593d00000)]
  0x00000191a1e54800 JavaThread "Timer-6" [_thread_blocked, id=36348, stack(0x0000000591100000,0x0000000591600000)]
  0x00000191a1e55800 JavaThread "Monitor File Timestamp Swing Worker Thread" [_thread_blocked, id=13508, stack(0x0000000591600000,0x0000000591b00000)]
  0x00000191a1e56800 JavaThread "Thread-28138" [_thread_in_native, id=48356, stack(0x0000000591000000,0x0000000591100000)]
  0x00000191a1e5c000 JavaThread "Thread-28139" [_thread_in_native, id=2340, stack(0x000000058f200000,0x000000058f300000)]
  0x00000191a1e59800 JavaThread "Timer-7" [_thread_blocked, id=27452, stack(0x0000000591b00000,0x0000000592000000)]
  0x00000191a1e5e800 JavaThread "Monitor File Timestamp Swing Worker Thread" [_thread_blocked, id=1136, stack(0x0000000592000000,0x0000000592500000)]
  0x00000191a1e5f800 JavaThread "SwingWorker-pool-14-thread-1" daemon [_thread_blocked, id=42500, stack(0x0000000592500000,0x0000000592a00000)]
  0x00000191a1e5d800 JavaThread "Timer-8" [_thread_blocked, id=25400, stack(0x0000000593d00000,0x0000000594200000)]
  0x00000191a1e60000 JavaThread "Monitor File Timestamp Swing Worker Thread" [_thread_blocked, id=41864, stack(0x0000000594200000,0x0000000594700000)]
  0x00000191a1e63800 JavaThread "Timer-9" [_thread_blocked, id=26016, stack(0x0000000594700000,0x0000000594c00000)]
  0x00000191a1e61000 JavaThread "Monitor File Timestamp Swing Worker Thread" [_thread_blocked, id=20388, stack(0x0000000594c00000,0x0000000595100000)]
  0x00000191a1e53000 JavaThread "Image Animator 0" daemon [_thread_blocked, id=51492, stack(0x0000000590c00000,0x0000000591100000)]
  0x00000191a1e65000 JavaThread "Set as Top Thread" [_thread_blocked, id=39272, stack(0x0000000595100000,0x0000000595600000)]

Other Threads:
  0x00000190c979d800 VMThread "VM Thread" [stack: 0x0000000585900000,0x0000000585a00000] [id=21060]
  0x00000190e4091000 WatcherThread [stack: 0x0000000588300000,0x0000000588400000] [id=40672]
  0x00000190cae13800 GCTaskThread "GC Thread#0" [stack: 0x0000000585400000,0x0000000585500000] [id=21340]
  0x00000190ab588000 GCTaskThread "GC Thread#1" [stack: 0x0000000583b00000,0x0000000583c00000] [id=50376]
  0x00000190ab85c000 GCTaskThread "GC Thread#2" [stack: 0x000000058b100000,0x000000058b200000] [id=45204]
  0x00000190ab85d000 GCTaskThread "GC Thread#3" [stack: 0x000000058b200000,0x000000058b300000] [id=7076]
  0x00000190cbaa2800 GCTaskThread "GC Thread#4" [stack: 0x000000058b300000,0x000000058b400000] [id=57052]
  0x00000190cbaa3000 GCTaskThread "GC Thread#5" [stack: 0x000000058b400000,0x000000058b500000] [id=56520]
  0x00000190aaddf000 GCTaskThread "GC Thread#6" [stack: 0x000000058b500000,0x000000058b600000] [id=55972]
  0x00000190aade0000 GCTaskThread "GC Thread#7" [stack: 0x000000058b600000,0x000000058b700000] [id=20680]
  0x00000190ca90d000 GCTaskThread "GC Thread#8" [stack: 0x000000058b700000,0x000000058b800000] [id=17232]
  0x00000190ca90a800 GCTaskThread "GC Thread#9" [stack: 0x000000058b800000,0x000000058b900000] [id=53412]
  0x00000190ca90b000 GCTaskThread "GC Thread#10" [stack: 0x000000058b900000,0x000000058ba00000] [id=52300]
  0x00000190ca90c800 GCTaskThread "GC Thread#11" [stack: 0x000000058ba00000,0x000000058bb00000] [id=44552]
  0x00000190b2359000 GCTaskThread "GC Thread#12" [stack: 0x0000000589900000,0x0000000589a00000] [id=26276]
  0x00000190cb166000 ConcurrentGCThread "G1 Main Marker" [stack: 0x0000000585500000,0x0000000585600000] [id=6132]
  0x00000190cb166800 ConcurrentGCThread "G1 Conc#0" [stack: 0x0000000585600000,0x0000000585700000] [id=39548]
  0x00000190ca913000 ConcurrentGCThread "G1 Conc#1" [stack: 0x000000058bb00000,0x000000058bc00000] [id=40284]
  0x00000190ca910000 ConcurrentGCThread "G1 Conc#2" [stack: 0x000000058bc00000,0x000000058bd00000] [id=38416]
  0x00000190c30ff000 ConcurrentGCThread "G1 Refine#0" [stack: 0x0000000585700000,0x0000000585800000] [id=53232]
  0x00000190af6b1000 ConcurrentGCThread "G1 Refine#1" [stack: 0x000000058c200000,0x000000058c300000] [id=51156]
  0x00000190af594000 ConcurrentGCThread "G1 Refine#2" [stack: 0x000000058c300000,0x000000058c400000] [id=50548]
  0x00000190a5789800 ConcurrentGCThread "G1 Young RemSet Sampling" [stack: 0x0000000585800000,0x0000000585900000] [id=23364]

Threads with active compile tasks:

VM state:not at safepoint (normal execution)

VM Mutex/Monitor currently owned by a thread: None

Heap address: 0x0000000740000000, size: 3072 MB, Compressed Oops mode: Zero based, Oop shift amount: 3
Narrow klass base: 0x0000000800000000, Narrow klass shift: 0
Compressed class space size: 1073741824 Address: 0x0000000800000000

Heap:
 garbage-first heap   total 444416K, used 224306K [0x0000000740000000, 0x0000000800000000)
  region size 1024K, 25 young (25600K), 2 survivors (2048K)
 Metaspace       used 120747K, capacity 122639K, committed 124240K, reserved 1155072K
  class space    used 16733K, capacity 17497K, committed 18176K, reserved 1048576K
Heap Regions: E=young(eden), S=young(survivor), O=old, HS=humongous(starts), HC=humongous(continues), CS=collection set, F=free, A=archive, TAMS=top-at-mark-start (previous, next)
|   0|0x0000000740000000, 0x0000000740100000, 0x0000000740100000|100%|HS|  |TAMS 0x0000000740100000, 0x0000000740000000| Complete 
|   1|0x0000000740100000, 0x0000000740200000, 0x0000000740200000|100%|HC|  |TAMS 0x0000000740200000, 0x0000000740100000| Complete 
|   2|0x0000000740200000, 0x0000000740300000, 0x0000000740300000|100%|HS|  |TAMS 0x0000000740300000, 0x0000000740200000| Complete 
|   3|0x0000000740300000, 0x0000000740400000, 0x0000000740400000|100%| O|  |TAMS 0x0000000740400000, 0x0000000740300000| Untracked 
|   4|0x0000000740400000, 0x00000007404ffff8, 0x0000000740500000| 99%| O|  |TAMS 0x00000007404ffff8, 0x0000000740400000| Untracked 
|   5|0x0000000740500000, 0x0000000740600000, 0x0000000740600000|100%| O|  |TAMS 0x0000000740600000, 0x0000000740500000| Untracked 
|   6|0x0000000740600000, 0x0000000740700000, 0x0000000740700000|100%| O|  |TAMS 0x0000000740700000, 0x0000000740600000| Untracked 
|   7|0x0000000740700000, 0x0000000740800000, 0x0000000740800000|100%| O|  |TAMS 0x0000000740800000, 0x0000000740700000| Untracked 
|   8|0x0000000740800000, 0x0000000740900000, 0x0000000740900000|100%| O|  |TAMS 0x0000000740900000, 0x0000000740800000| Untracked 
|   9|0x0000000740900000, 0x0000000740a00000, 0x0000000740a00000|100%| O|  |TAMS 0x0000000740a00000, 0x0000000740900000| Untracked 
|  10|0x0000000740a00000, 0x0000000740affff0, 0x0000000740b00000| 99%| O|  |TAMS 0x0000000740affff0, 0x0000000740a00000| Untracked 
|  11|0x0000000740b00000, 0x0000000740bffff0, 0x0000000740c00000| 99%| O|  |TAMS 0x0000000740bffff0, 0x0000000740b00000| Untracked 
|  12|0x0000000740c00000, 0x0000000740cffff8, 0x0000000740d00000| 99%| O|  |TAMS 0x0000000740cffff8, 0x0000000740c00000| Untracked 
|  13|0x0000000740d00000, 0x0000000740dfa5e0, 0x0000000740e00000| 97%| O|  |TAMS 0x0000000740dfa5e0, 0x0000000740d00000| Untracked 
|  14|0x0000000740e00000, 0x0000000740effff8, 0x0000000740f00000| 99%| O|  |TAMS 0x0000000740effff8, 0x0000000740e00000| Untracked 
|  15|0x0000000740f00000, 0x0000000740fffff8, 0x0000000741000000| 99%| O|  |TAMS 0x0000000740fffff8, 0x0000000740f00000| Untracked 
|  16|0x0000000741000000, 0x00000007410ffff0, 0x0000000741100000| 99%| O|  |TAMS 0x00000007410ffff0, 0x0000000741000000| Untracked 
|  17|0x0000000741100000, 0x00000007411ffff8, 0x0000000741200000| 99%| O|  |TAMS 0x00000007411ffff8, 0x0000000741100000| Untracked 
|  18|0x0000000741200000, 0x0000000741300000, 0x0000000741300000|100%| O|  |TAMS 0x0000000741300000, 0x0000000741200000| Untracked 
|  19|0x0000000741300000, 0x0000000741400000, 0x0000000741400000|100%| O|  |TAMS 0x0000000741400000, 0x0000000741300000| Untracked 
|  20|0x0000000741400000, 0x00000007414ffff8, 0x0000000741500000| 99%| O|  |TAMS 0x00000007414ffff8, 0x0000000741400000| Untracked 
|  21|0x0000000741500000, 0x0000000741600000, 0x0000000741600000|100%| O|  |TAMS 0x0000000741600000, 0x0000000741500000| Untracked 
|  22|0x0000000741600000, 0x00000007416ffff8, 0x0000000741700000| 99%| O|  |TAMS 0x00000007416ffff8, 0x0000000741600000| Untracked 
|  23|0x0000000741700000, 0x00000007417ffff8, 0x0000000741800000| 99%| O|  |TAMS 0x00000007417ffff8, 0x0000000741700000| Untracked 
|  24|0x0000000741800000, 0x00000007418ffff0, 0x0000000741900000| 99%| O|  |TAMS 0x00000007418ffff0, 0x0000000741800000| Untracked 
|  25|0x0000000741900000, 0x00000007419ffff8, 0x0000000741a00000| 99%| O|  |TAMS 0x00000007419ffff8, 0x0000000741900000| Untracked 
|  26|0x0000000741a00000, 0x0000000741b00000, 0x0000000741b00000|100%| O|  |TAMS 0x0000000741b00000, 0x0000000741a00000| Untracked 
|  27|0x0000000741b00000, 0x0000000741bffff0, 0x0000000741c00000| 99%| O|  |TAMS 0x0000000741bffff0, 0x0000000741b00000| Untracked 
|  28|0x0000000741c00000, 0x0000000741d00000, 0x0000000741d00000|100%| O|  |TAMS 0x0000000741d00000, 0x0000000741c00000| Untracked 
|  29|0x0000000741d00000, 0x0000000741dffff8, 0x0000000741e00000| 99%| O|  |TAMS 0x0000000741dffff8, 0x0000000741d00000| Untracked 
|  30|0x0000000741e00000, 0x0000000741effff0, 0x0000000741f00000| 99%| O|  |TAMS 0x0000000741effff0, 0x0000000741e00000| Untracked 
|  31|0x0000000741f00000, 0x0000000742000000, 0x0000000742000000|100%| O|  |TAMS 0x0000000742000000, 0x0000000741f00000| Untracked 
|  32|0x0000000742000000, 0x00000007420ffff8, 0x0000000742100000| 99%| O|  |TAMS 0x00000007420ffff8, 0x0000000742000000| Untracked 
|  33|0x0000000742100000, 0x00000007421fffe8, 0x0000000742200000| 99%| O|  |TAMS 0x00000007421fffe8, 0x0000000742100000| Untracked 
|  34|0x0000000742200000, 0x0000000742300000, 0x0000000742300000|100%| O|  |TAMS 0x0000000742300000, 0x0000000742200000| Untracked 
|  35|0x0000000742300000, 0x00000007423ffff0, 0x0000000742400000| 99%| O|  |TAMS 0x00000007423ffff0, 0x0000000742300000| Untracked 
|  36|0x0000000742400000, 0x00000007424ffff8, 0x0000000742500000| 99%| O|  |TAMS 0x00000007424ffff8, 0x0000000742400000| Untracked 
|  37|0x0000000742500000, 0x0000000742600000, 0x0000000742600000|100%| O|  |TAMS 0x0000000742600000, 0x0000000742500000| Untracked 
|  38|0x0000000742600000, 0x00000007426ffff8, 0x0000000742700000| 99%| O|  |TAMS 0x00000007426ffff8, 0x0000000742600000| Untracked 
|  39|0x0000000742700000, 0x00000007427ffff8, 0x0000000742800000| 99%| O|  |TAMS 0x00000007427ffff8, 0x0000000742700000| Untracked 
|  40|0x0000000742800000, 0x0000000742900000, 0x0000000742900000|100%| O|  |TAMS 0x0000000742900000, 0x0000000742800000| Untracked 
|  41|0x0000000742900000, 0x0000000742a00000, 0x0000000742a00000|100%|HS|  |TAMS 0x0000000742a00000, 0x0000000742900000| Complete 
|  42|0x0000000742a00000, 0x0000000742b00000, 0x0000000742b00000|100%|HC|  |TAMS 0x0000000742b00000, 0x0000000742a00000| Complete 
|  43|0x0000000742b00000, 0x0000000742c00000, 0x0000000742c00000|100%|HC|  |TAMS 0x0000000742c00000, 0x0000000742b00000| Complete 
|  44|0x0000000742c00000, 0x0000000742d00000, 0x0000000742d00000|100%|HC|  |TAMS 0x0000000742d00000, 0x0000000742c00000| Complete 
|  45|0x0000000742d00000, 0x0000000742e00000, 0x0000000742e00000|100%|HC|  |TAMS 0x0000000742e00000, 0x0000000742d00000| Complete 
|  46|0x0000000742e00000, 0x0000000742f00000, 0x0000000742f00000|100%|HC|  |TAMS 0x0000000742f00000, 0x0000000742e00000| Complete 
|  47|0x0000000742f00000, 0x0000000743000000, 0x0000000743000000|100%|HC|  |TAMS 0x0000000743000000, 0x0000000742f00000| Complete 
|  48|0x0000000743000000, 0x0000000743100000, 0x0000000743100000|100%|HC|  |TAMS 0x0000000743100000, 0x0000000743000000| Complete 
|  49|0x0000000743100000, 0x0000000743200000, 0x0000000743200000|100%|HC|  |TAMS 0x0000000743200000, 0x0000000743100000| Complete 
|  50|0x0000000743200000, 0x0000000743300000, 0x0000000743300000|100%|HC|  |TAMS 0x0000000743300000, 0x0000000743200000| Complete 
|  51|0x0000000743300000, 0x0000000743400000, 0x0000000743400000|100%|HC|  |TAMS 0x0000000743400000, 0x0000000743300000| Complete 
|  52|0x0000000743400000, 0x0000000743500000, 0x0000000743500000|100%|HC|  |TAMS 0x0000000743500000, 0x0000000743400000| Complete 
|  53|0x0000000743500000, 0x0000000743600000, 0x0000000743600000|100%|HC|  |TAMS 0x0000000743600000, 0x0000000743500000| Complete 
|  54|0x0000000743600000, 0x0000000743700000, 0x0000000743700000|100%|HC|  |TAMS 0x0000000743700000, 0x0000000743600000| Complete 
|  55|0x0000000743700000, 0x00000007437ffff8, 0x0000000743800000| 99%| O|  |TAMS 0x00000007437ffff8, 0x0000000743700000| Untracked 
|  56|0x0000000743800000, 0x00000007438ffff8, 0x0000000743900000| 99%| O|  |TAMS 0x00000007438ffff8, 0x0000000743800000| Untracked 
|  57|0x0000000743900000, 0x0000000743a00000, 0x0000000743a00000|100%| O|  |TAMS 0x0000000743a00000, 0x0000000743900000| Untracked 
|  58|0x0000000743a00000, 0x0000000743b00000, 0x0000000743b00000|100%| O|  |TAMS 0x0000000743b00000, 0x0000000743a00000| Untracked 
|  59|0x0000000743b00000, 0x0000000743c00000, 0x0000000743c00000|100%| O|  |TAMS 0x0000000743c00000, 0x0000000743b00000| Untracked 
|  60|0x0000000743c00000, 0x0000000743cffff8, 0x0000000743d00000| 99%| O|  |TAMS 0x0000000743cffff8, 0x0000000743c00000| Untracked 
|  61|0x0000000743d00000, 0x0000000743dffff8, 0x0000000743e00000| 99%| O|  |TAMS 0x0000000743dffff8, 0x0000000743d00000| Untracked 
|  62|0x0000000743e00000, 0x0000000743f00000, 0x0000000743f00000|100%| O|  |TAMS 0x0000000743f00000, 0x0000000743e00000| Untracked 
|  63|0x0000000743f00000, 0x0000000743ffffe8, 0x0000000744000000| 99%| O|  |TAMS 0x0000000743ffffe8, 0x0000000743f00000| Untracked 
|  64|0x0000000744000000, 0x0000000744100000, 0x0000000744100000|100%| O|  |TAMS 0x0000000744100000, 0x0000000744000000| Untracked 
|  65|0x0000000744100000, 0x00000007441ffff0, 0x0000000744200000| 99%| O|  |TAMS 0x00000007441ffff0, 0x0000000744100000| Untracked 
|  66|0x0000000744200000, 0x00000007442fffd8, 0x0000000744300000| 99%| O|  |TAMS 0x00000007442fffd8, 0x0000000744200000| Untracked 
|  67|0x0000000744300000, 0x0000000744400000, 0x0000000744400000|100%| O|  |TAMS 0x0000000744400000, 0x0000000744300000| Untracked 
|  68|0x0000000744400000, 0x00000007444ffff0, 0x0000000744500000| 99%| O|  |TAMS 0x00000007444ffff0, 0x0000000744400000| Untracked 
|  69|0x0000000744500000, 0x00000007445ffff0, 0x0000000744600000| 99%| O|  |TAMS 0x00000007445ffff0, 0x0000000744500000| Untracked 
|  70|0x0000000744600000, 0x00000007446ffff8, 0x0000000744700000| 99%| O|  |TAMS 0x00000007446ffff8, 0x0000000744600000| Untracked 
|  71|0x0000000744700000, 0x0000000744800000, 0x0000000744800000|100%| O|  |TAMS 0x0000000744800000, 0x0000000744700000| Untracked 
|  72|0x0000000744800000, 0x0000000744900000, 0x0000000744900000|100%| O|  |TAMS 0x0000000744900000, 0x0000000744800000| Untracked 
|  73|0x0000000744900000, 0x00000007449ffff0, 0x0000000744a00000| 99%| O|  |TAMS 0x00000007449ffff0, 0x0000000744900000| Untracked 
|  74|0x0000000744a00000, 0x0000000744b00000, 0x0000000744b00000|100%| O|  |TAMS 0x0000000744b00000, 0x0000000744a00000| Untracked 
|  75|0x0000000744b00000, 0x0000000744c00000, 0x0000000744c00000|100%| O|  |TAMS 0x0000000744c00000, 0x0000000744b00000| Untracked 
|  76|0x0000000744c00000, 0x0000000744d00000, 0x0000000744d00000|100%| O|  |TAMS 0x0000000744d00000, 0x0000000744c00000| Untracked 
|  77|0x0000000744d00000, 0x0000000744e00000, 0x0000000744e00000|100%| O|  |TAMS 0x0000000744e00000, 0x0000000744d00000| Untracked 
|  78|0x0000000744e00000, 0x0000000744effff8, 0x0000000744f00000| 99%| O|  |TAMS 0x0000000744effff8, 0x0000000744e00000| Untracked 
|  79|0x0000000744f00000, 0x0000000745000000, 0x0000000745000000|100%| O|  |TAMS 0x0000000745000000, 0x0000000744f00000| Untracked 
|  80|0x0000000745000000, 0x0000000745100000, 0x0000000745100000|100%| O|  |TAMS 0x0000000745100000, 0x0000000745000000| Untracked 
|  81|0x0000000745100000, 0x00000007451ffff8, 0x0000000745200000| 99%| O|  |TAMS 0x00000007451ffff8, 0x0000000745100000| Untracked 
|  82|0x0000000745200000, 0x0000000745300000, 0x0000000745300000|100%| O|  |TAMS 0x0000000745300000, 0x0000000745200000| Untracked 
|  83|0x0000000745300000, 0x0000000745400000, 0x0000000745400000|100%| O|  |TAMS 0x0000000745400000, 0x0000000745300000| Untracked 
|  84|0x0000000745400000, 0x0000000745500000, 0x0000000745500000|100%| O|  |TAMS 0x0000000745500000, 0x0000000745400000| Untracked 
|  85|0x0000000745500000, 0x0000000745600000, 0x0000000745600000|100%| O|  |TAMS 0x0000000745600000, 0x0000000745500000| Untracked 
|  86|0x0000000745600000, 0x00000007456ffff0, 0x0000000745700000| 99%| O|  |TAMS 0x00000007456ffff0, 0x0000000745600000| Untracked 
|  87|0x0000000745700000, 0x00000007457ffff8, 0x0000000745800000| 99%| O|  |TAMS 0x00000007457ffff8, 0x0000000745700000| Untracked 
|  88|0x0000000745800000, 0x00000007458ffff0, 0x0000000745900000| 99%| O|  |TAMS 0x00000007458ffff0, 0x0000000745800000| Untracked 
|  89|0x0000000745900000, 0x0000000745a00000, 0x0000000745a00000|100%| O|  |TAMS 0x0000000745a00000, 0x0000000745900000| Untracked 
|  90|0x0000000745a00000, 0x0000000745affff0, 0x0000000745b00000| 99%| O|  |TAMS 0x0000000745affff0, 0x0000000745a00000| Untracked 
|  91|0x0000000745b00000, 0x0000000745c00000, 0x0000000745c00000|100%| O|  |TAMS 0x0000000745c00000, 0x0000000745b00000| Untracked 
|  92|0x0000000745c00000, 0x0000000745d00000, 0x0000000745d00000|100%| O|  |TAMS 0x0000000745d00000, 0x0000000745c00000| Untracked 
|  93|0x0000000745d00000, 0x0000000745dffff8, 0x0000000745e00000| 99%| O|  |TAMS 0x0000000745dffff8, 0x0000000745d00000| Untracked 
|  94|0x0000000745e00000, 0x0000000745effff8, 0x0000000745f00000| 99%| O|  |TAMS 0x0000000745effff8, 0x0000000745e00000| Untracked 
|  95|0x0000000745f00000, 0x0000000746000000, 0x0000000746000000|100%| O|  |TAMS 0x0000000746000000, 0x0000000745f00000| Untracked 
|  96|0x0000000746000000, 0x00000007460ffff8, 0x0000000746100000| 99%| O|  |TAMS 0x00000007460ffff8, 0x0000000746000000| Untracked 
|  97|0x0000000746100000, 0x00000007461ffff8, 0x0000000746200000| 99%| O|  |TAMS 0x00000007461ffff8, 0x0000000746100000| Untracked 
|  98|0x0000000746200000, 0x0000000746300000, 0x0000000746300000|100%| O|  |TAMS 0x0000000746300000, 0x0000000746200000| Untracked 
|  99|0x0000000746300000, 0x0000000746400000, 0x0000000746400000|100%| O|  |TAMS 0x0000000746400000, 0x0000000746300000| Untracked 
| 100|0x0000000746400000, 0x0000000746500000, 0x0000000746500000|100%| O|  |TAMS 0x0000000746500000, 0x0000000746400000| Untracked 
| 101|0x0000000746500000, 0x00000007465fffe8, 0x0000000746600000| 99%| O|  |TAMS 0x00000007465fffe8, 0x0000000746500000| Untracked 
| 102|0x0000000746600000, 0x00000007466ffff8, 0x0000000746700000| 99%| O|  |TAMS 0x00000007466ffff8, 0x0000000746600000| Untracked 
| 103|0x0000000746700000, 0x0000000746800000, 0x0000000746800000|100%| O|  |TAMS 0x0000000746800000, 0x0000000746700000| Untracked 
| 104|0x0000000746800000, 0x00000007468ffff0, 0x0000000746900000| 99%| O|  |TAMS 0x00000007468ffff0, 0x0000000746800000| Untracked 
| 105|0x0000000746900000, 0x0000000746a00000, 0x0000000746a00000|100%| O|  |TAMS 0x0000000746a00000, 0x0000000746900000| Untracked 
| 106|0x0000000746a00000, 0x0000000746b00000, 0x0000000746b00000|100%| O|  |TAMS 0x0000000746b00000, 0x0000000746a00000| Untracked 
| 107|0x0000000746b00000, 0x0000000746bffff0, 0x0000000746c00000| 99%| O|  |TAMS 0x0000000746bffff0, 0x0000000746b00000| Untracked 
| 108|0x0000000746c00000, 0x0000000746cffff0, 0x0000000746d00000| 99%| O|  |TAMS 0x0000000746cffff0, 0x0000000746c00000| Untracked 
| 109|0x0000000746d00000, 0x0000000746e00000, 0x0000000746e00000|100%| O|  |TAMS 0x0000000746e00000, 0x0000000746d00000| Untracked 
| 110|0x0000000746e00000, 0x0000000746effff0, 0x0000000746f00000| 99%| O|  |TAMS 0x0000000746effff0, 0x0000000746e00000| Untracked 
| 111|0x0000000746f00000, 0x0000000746fffff0, 0x0000000747000000| 99%| O|  |TAMS 0x0000000746fffff0, 0x0000000746f00000| Untracked 
| 112|0x0000000747000000, 0x0000000747100000, 0x0000000747100000|100%| O|  |TAMS 0x0000000747100000, 0x0000000747000000| Untracked 
| 113|0x0000000747100000, 0x00000007471ffff8, 0x0000000747200000| 99%| O|  |TAMS 0x00000007471ffff8, 0x0000000747100000| Untracked 
| 114|0x0000000747200000, 0x00000007472ffff0, 0x0000000747300000| 99%| O|  |TAMS 0x00000007472ffff0, 0x0000000747200000| Untracked 
| 115|0x0000000747300000, 0x00000007473fffe8, 0x0000000747400000| 99%| O|  |TAMS 0x00000007473fffe8, 0x0000000747300000| Untracked 
| 116|0x0000000747400000, 0x00000007474ffff8, 0x0000000747500000| 99%| O|  |TAMS 0x00000007474ffff8, 0x0000000747400000| Untracked 
| 117|0x0000000747500000, 0x00000007475ffff0, 0x0000000747600000| 99%| O|  |TAMS 0x00000007475ffff0, 0x0000000747500000| Untracked 
| 118|0x0000000747600000, 0x0000000747700000, 0x0000000747700000|100%| O|  |TAMS 0x0000000747700000, 0x0000000747600000| Untracked 
| 119|0x0000000747700000, 0x0000000747800000, 0x0000000747800000|100%| O|  |TAMS 0x0000000747800000, 0x0000000747700000| Untracked 
| 120|0x0000000747800000, 0x0000000747900000, 0x0000000747900000|100%| O|  |TAMS 0x0000000747900000, 0x0000000747800000| Untracked 
| 121|0x0000000747900000, 0x0000000747a00000, 0x0000000747a00000|100%|HS|  |TAMS 0x0000000747a00000, 0x0000000747900000| Untracked 
| 122|0x0000000747a00000, 0x0000000747b00000, 0x0000000747b00000|100%| O|  |TAMS 0x0000000747b00000, 0x0000000747a00000| Untracked 
| 123|0x0000000747b00000, 0x0000000747bffff8, 0x0000000747c00000| 99%| O|  |TAMS 0x0000000747bffff8, 0x0000000747b00000| Untracked 
| 124|0x0000000747c00000, 0x0000000747d00000, 0x0000000747d00000|100%| O|  |TAMS 0x0000000747d00000, 0x0000000747c00000| Untracked 
| 125|0x0000000747d00000, 0x0000000747e00000, 0x0000000747e00000|100%| O|  |TAMS 0x0000000747e00000, 0x0000000747d00000| Untracked 
| 126|0x0000000747e00000, 0x0000000747efffe8, 0x0000000747f00000| 99%| O|  |TAMS 0x0000000747efffe8, 0x0000000747e00000| Untracked 
| 127|0x0000000747f00000, 0x0000000748000000, 0x0000000748000000|100%| O|  |TAMS 0x0000000748000000, 0x0000000747f00000| Untracked 
| 128|0x0000000748000000, 0x00000007480ffff8, 0x0000000748100000| 99%| O|  |TAMS 0x00000007480ffff8, 0x0000000748000000| Untracked 
| 129|0x0000000748100000, 0x00000007481ffff8, 0x0000000748200000| 99%| O|  |TAMS 0x00000007481ffff8, 0x0000000748100000| Untracked 
| 130|0x0000000748200000, 0x0000000748300000, 0x0000000748300000|100%| O|  |TAMS 0x0000000748300000, 0x0000000748200000| Untracked 
| 131|0x0000000748300000, 0x0000000748400000, 0x0000000748400000|100%| O|  |TAMS 0x0000000748400000, 0x0000000748300000| Untracked 
| 132|0x0000000748400000, 0x00000007484ffff0, 0x0000000748500000| 99%| O|  |TAMS 0x00000007484ffff0, 0x0000000748400000| Untracked 
| 133|0x0000000748500000, 0x00000007485ffff8, 0x0000000748600000| 99%| O|  |TAMS 0x00000007485ffff8, 0x0000000748500000| Untracked 
| 134|0x0000000748600000, 0x00000007486ffff8, 0x0000000748700000| 99%| O|  |TAMS 0x00000007486ffff8, 0x0000000748600000| Untracked 
| 135|0x0000000748700000, 0x0000000748800000, 0x0000000748800000|100%| O|  |TAMS 0x0000000748800000, 0x0000000748700000| Untracked 
| 136|0x0000000748800000, 0x0000000748900000, 0x0000000748900000|100%| O|  |TAMS 0x0000000748900000, 0x0000000748800000| Untracked 
| 137|0x0000000748900000, 0x00000007489ffff8, 0x0000000748a00000| 99%| O|  |TAMS 0x00000007489ffff8, 0x0000000748900000| Untracked 
| 138|0x0000000748a00000, 0x0000000748b00000, 0x0000000748b00000|100%| O|  |TAMS 0x0000000748b00000, 0x0000000748a00000| Untracked 
| 139|0x0000000748b00000, 0x0000000748c00000, 0x0000000748c00000|100%| O|  |TAMS 0x0000000748c00000, 0x0000000748b00000| Untracked 
| 140|0x0000000748c00000, 0x0000000748d00000, 0x0000000748d00000|100%| O|  |TAMS 0x0000000748d00000, 0x0000000748c00000| Untracked 
| 141|0x0000000748d00000, 0x0000000748e00000, 0x0000000748e00000|100%| O|  |TAMS 0x0000000748e00000, 0x0000000748d00000| Untracked 
| 142|0x0000000748e00000, 0x0000000748f00000, 0x0000000748f00000|100%| O|  |TAMS 0x0000000748f00000, 0x0000000748e00000| Untracked 
| 143|0x0000000748f00000, 0x0000000749000000, 0x0000000749000000|100%| O|  |TAMS 0x0000000749000000, 0x0000000748f00000| Untracked 
| 144|0x0000000749000000, 0x0000000749100000, 0x0000000749100000|100%| O|  |TAMS 0x0000000749100000, 0x0000000749000000| Untracked 
| 145|0x0000000749100000, 0x00000007491fffe0, 0x0000000749200000| 99%| O|  |TAMS 0x00000007491fffe0, 0x0000000749100000| Untracked 
| 146|0x0000000749200000, 0x00000007492ffff8, 0x0000000749300000| 99%| O|  |TAMS 0x00000007492ffff8, 0x0000000749200000| Untracked 
| 147|0x0000000749300000, 0x0000000749400000, 0x0000000749400000|100%|HS|  |TAMS 0x0000000749400000, 0x0000000749300000| Complete 
| 148|0x0000000749400000, 0x0000000749500000, 0x0000000749500000|100%|HC|  |TAMS 0x0000000749500000, 0x0000000749400000| Complete 
| 149|0x0000000749500000, 0x0000000749600000, 0x0000000749600000|100%|HC|  |TAMS 0x0000000749600000, 0x0000000749500000| Complete 
| 150|0x0000000749600000, 0x0000000749700000, 0x0000000749700000|100%|HC|  |TAMS 0x0000000749700000, 0x0000000749600000| Complete 
| 151|0x0000000749700000, 0x0000000749800000, 0x0000000749800000|100%|HC|  |TAMS 0x0000000749800000, 0x0000000749700000| Complete 
| 152|0x0000000749800000, 0x0000000749900000, 0x0000000749900000|100%|HC|  |TAMS 0x0000000749900000, 0x0000000749800000| Complete 
| 153|0x0000000749900000, 0x0000000749a00000, 0x0000000749a00000|100%|HC|  |TAMS 0x0000000749a00000, 0x0000000749900000| Complete 
| 154|0x0000000749a00000, 0x0000000749b00000, 0x0000000749b00000|100%| O|  |TAMS 0x0000000749b00000, 0x0000000749a00000| Untracked 
| 155|0x0000000749b00000, 0x0000000749c00000, 0x0000000749c00000|100%| O|  |TAMS 0x0000000749c00000, 0x0000000749b00000| Untracked 
| 156|0x0000000749c00000, 0x0000000749cfffc8, 0x0000000749d00000| 99%| O|  |TAMS 0x0000000749cfffc8, 0x0000000749c00000| Untracked 
| 157|0x0000000749d00000, 0x0000000749dffff0, 0x0000000749e00000| 99%| O|  |TAMS 0x0000000749dffff0, 0x0000000749d00000| Untracked 
| 158|0x0000000749e00000, 0x0000000749efffd8, 0x0000000749f00000| 99%| O|  |TAMS 0x0000000749efffd8, 0x0000000749e00000| Untracked 
| 159|0x0000000749f00000, 0x000000074a000000, 0x000000074a000000|100%| O|  |TAMS 0x000000074a000000, 0x0000000749f00000| Untracked 
| 160|0x000000074a000000, 0x000000074a100000, 0x000000074a100000|100%| O|  |TAMS 0x000000074a100000, 0x000000074a000000| Untracked 
| 161|0x000000074a100000, 0x000000074a200000, 0x000000074a200000|100%| O|  |TAMS 0x000000074a200000, 0x000000074a100000| Untracked 
| 162|0x000000074a200000, 0x000000074a300000, 0x000000074a300000|100%| O|  |TAMS 0x000000074a300000, 0x000000074a200000| Untracked 
| 163|0x000000074a300000, 0x000000074a400000, 0x000000074a400000|100%| O|  |TAMS 0x000000074a400000, 0x000000074a300000| Untracked 
| 164|0x000000074a400000, 0x000000074a4ffff0, 0x000000074a500000| 99%| O|  |TAMS 0x000000074a4ffff0, 0x000000074a400000| Untracked 
| 165|0x000000074a500000, 0x000000074a600000, 0x000000074a600000|100%| O|  |TAMS 0x000000074a600000, 0x000000074a500000| Untracked 
| 166|0x000000074a600000, 0x000000074a6ffff8, 0x000000074a700000| 99%| O|  |TAMS 0x000000074a6ffff8, 0x000000074a600000| Untracked 
| 167|0x000000074a700000, 0x000000074a7ffff8, 0x000000074a800000| 99%| O|  |TAMS 0x000000074a7ffff8, 0x000000074a700000| Untracked 
| 168|0x000000074a800000, 0x000000074a900000, 0x000000074a900000|100%|HS|  |TAMS 0x000000074a900000, 0x000000074a800000| Complete 
| 169|0x000000074a900000, 0x000000074aa00000, 0x000000074aa00000|100%|HC|  |TAMS 0x000000074aa00000, 0x000000074a900000| Complete 
| 170|0x000000074aa00000, 0x000000074aaffff0, 0x000000074ab00000| 99%| O|  |TAMS 0x000000074aaffff0, 0x000000074aa00000| Untracked 
| 171|0x000000074ab00000, 0x000000074abffff8, 0x000000074ac00000| 99%| O|  |TAMS 0x000000074abffff8, 0x000000074ab00000| Untracked 
| 172|0x000000074ac00000, 0x000000074acffff0, 0x000000074ad00000| 99%| O|  |TAMS 0x000000074acffff0, 0x000000074ac00000| Untracked 
| 173|0x000000074ad00000, 0x000000074adfffe0, 0x000000074ae00000| 99%| O|  |TAMS 0x000000074adfffe0, 0x000000074ad00000| Untracked 
| 174|0x000000074ae00000, 0x000000074aeffff8, 0x000000074af00000| 99%| O|  |TAMS 0x000000074aeffff8, 0x000000074ae00000| Untracked 
| 175|0x000000074af00000, 0x000000074afffff0, 0x000000074b000000| 99%| O|  |TAMS 0x000000074afffff0, 0x000000074af00000| Untracked 
| 176|0x000000074b000000, 0x000000074b0fffe8, 0x000000074b100000| 99%| O|  |TAMS 0x000000074b0fffe8, 0x000000074b000000| Untracked 
| 177|0x000000074b100000, 0x000000074b1ffff8, 0x000000074b200000| 99%| O|  |TAMS 0x000000074b1ffff8, 0x000000074b100000| Untracked 
| 178|0x000000074b200000, 0x000000074b2fffe8, 0x000000074b300000| 99%| O|  |TAMS 0x000000074b2fffe8, 0x000000074b200000| Untracked 
| 179|0x000000074b300000, 0x000000074b400000, 0x000000074b400000|100%| O|  |TAMS 0x000000074b400000, 0x000000074b300000| Untracked 
| 180|0x000000074b400000, 0x000000074b4ffff0, 0x000000074b500000| 99%| O|  |TAMS 0x000000074b4ffff0, 0x000000074b400000| Untracked 
| 181|0x000000074b500000, 0x000000074b5fffc8, 0x000000074b600000| 99%| O|  |TAMS 0x000000074b5fffc8, 0x000000074b500000| Untracked 
| 182|0x000000074b600000, 0x000000074b6ffff0, 0x000000074b700000| 99%| O|  |TAMS 0x000000074b6ffff0, 0x000000074b600000| Untracked 
| 183|0x000000074b700000, 0x000000074b7f7810, 0x000000074b800000| 96%| O|  |TAMS 0x000000074b7f7810, 0x000000074b700000| Untracked 
| 184|0x000000074b800000, 0x000000074b8f9ab8, 0x000000074b900000| 97%| O|  |TAMS 0x000000074b8f9ab8, 0x000000074b800000| Untracked 
| 185|0x000000074b900000, 0x000000074b9c2660, 0x000000074ba00000| 75%| O|  |TAMS 0x000000074b9c2660, 0x000000074b900000| Untracked 
| 186|0x000000074ba00000, 0x000000074bae37c0, 0x000000074bb00000| 88%| O|  |TAMS 0x000000074bae37c0, 0x000000074ba00000| Untracked 
| 187|0x000000074bb00000, 0x000000074bbf2880, 0x000000074bc00000| 94%| O|  |TAMS 0x000000074bbf2880, 0x000000074bb00000| Untracked 
| 188|0x000000074bc00000, 0x000000074bcaf990, 0x000000074bd00000| 68%| O|  |TAMS 0x000000074bcaf990, 0x000000074bc00000| Untracked 
| 189|0x000000074bd00000, 0x000000074bd87b40, 0x000000074be00000| 53%| O|  |TAMS 0x000000074bd87b40, 0x000000074bd00000| Untracked 
| 190|0x000000074be00000, 0x000000074be81ac0, 0x000000074bf00000| 50%| O|  |TAMS 0x000000074be81ac0, 0x000000074be00000| Untracked 
| 191|0x000000074bf00000, 0x000000074bf27d70, 0x000000074c000000| 15%| O|  |TAMS 0x000000074bf27d70, 0x000000074bf00000| Untracked 
| 192|0x000000074c000000, 0x000000074c100000, 0x000000074c100000|100%|HS|  |TAMS 0x000000074c100000, 0x000000074c000000| Complete 
| 193|0x000000074c100000, 0x000000074c200000, 0x000000074c200000|100%|HC|  |TAMS 0x000000074c200000, 0x000000074c100000| Complete 
| 194|0x000000074c200000, 0x000000074c300000, 0x000000074c300000|100%|HC|  |TAMS 0x000000074c300000, 0x000000074c200000| Complete 
| 195|0x000000074c300000, 0x000000074c400000, 0x000000074c400000|100%|HC|  |TAMS 0x000000074c400000, 0x000000074c300000| Complete 
| 196|0x000000074c400000, 0x000000074c500000, 0x000000074c500000|100%|HC|  |TAMS 0x000000074c500000, 0x000000074c400000| Complete 
| 197|0x000000074c500000, 0x000000074c600000, 0x000000074c600000|100%|HC|  |TAMS 0x000000074c600000, 0x000000074c500000| Complete 
| 198|0x000000074c600000, 0x000000074c600000, 0x000000074c700000|  0%| F|  |TAMS 0x000000074c600000, 0x000000074c600000| Untracked 
| 199|0x000000074c700000, 0x000000074c700000, 0x000000074c800000|  0%| F|  |TAMS 0x000000074c700000, 0x000000074c700000| Untracked 
| 200|0x000000074c800000, 0x000000074c800000, 0x000000074c900000|  0%| F|  |TAMS 0x000000074c800000, 0x000000074c800000| Untracked 
| 201|0x000000074c900000, 0x000000074c900000, 0x000000074ca00000|  0%| F|  |TAMS 0x000000074c900000, 0x000000074c900000| Untracked 
| 202|0x000000074ca00000, 0x000000074ca00000, 0x000000074cb00000|  0%| F|  |TAMS 0x000000074ca00000, 0x000000074ca00000| Untracked 
| 203|0x000000074cb00000, 0x000000074cb00000, 0x000000074cc00000|  0%| F|  |TAMS 0x000000074cb00000, 0x000000074cb00000| Untracked 
| 204|0x000000074cc00000, 0x000000074cc00000, 0x000000074cd00000|  0%| F|  |TAMS 0x000000074cc00000, 0x000000074cc00000| Untracked 
| 205|0x000000074cd00000, 0x000000074cd00000, 0x000000074ce00000|  0%| F|  |TAMS 0x000000074cd00000, 0x000000074cd00000| Untracked 
| 206|0x000000074ce00000, 0x000000074ce00000, 0x000000074cf00000|  0%| F|  |TAMS 0x000000074ce00000, 0x000000074ce00000| Untracked 
| 207|0x000000074cf00000, 0x000000074cf00000, 0x000000074d000000|  0%| F|  |TAMS 0x000000074cf00000, 0x000000074cf00000| Untracked 
| 208|0x000000074d000000, 0x000000074d000000, 0x000000074d100000|  0%| F|  |TAMS 0x000000074d000000, 0x000000074d000000| Untracked 
| 209|0x000000074d100000, 0x000000074d100000, 0x000000074d200000|  0%| F|  |TAMS 0x000000074d100000, 0x000000074d100000| Untracked 
| 210|0x000000074d200000, 0x000000074d200000, 0x000000074d300000|  0%| F|  |TAMS 0x000000074d200000, 0x000000074d200000| Untracked 
| 211|0x000000074d300000, 0x000000074d300000, 0x000000074d400000|  0%| F|  |TAMS 0x000000074d300000, 0x000000074d300000| Untracked 
| 212|0x000000074d400000, 0x000000074d400000, 0x000000074d500000|  0%| F|  |TAMS 0x000000074d400000, 0x000000074d400000| Untracked 
| 213|0x000000074d500000, 0x000000074d500000, 0x000000074d600000|  0%| F|  |TAMS 0x000000074d500000, 0x000000074d500000| Untracked 
| 214|0x000000074d600000, 0x000000074d600000, 0x000000074d700000|  0%| F|  |TAMS 0x000000074d600000, 0x000000074d600000| Untracked 
| 215|0x000000074d700000, 0x000000074d700000, 0x000000074d800000|  0%| F|  |TAMS 0x000000074d700000, 0x000000074d700000| Untracked 
| 216|0x000000074d800000, 0x000000074d800000, 0x000000074d900000|  0%| F|  |TAMS 0x000000074d800000, 0x000000074d800000| Untracked 
| 217|0x000000074d900000, 0x000000074d900000, 0x000000074da00000|  0%| F|  |TAMS 0x000000074d900000, 0x000000074d900000| Untracked 
| 218|0x000000074da00000, 0x000000074da00000, 0x000000074db00000|  0%| F|  |TAMS 0x000000074da00000, 0x000000074da00000| Untracked 
| 219|0x000000074db00000, 0x000000074db00000, 0x000000074dc00000|  0%| F|  |TAMS 0x000000074db00000, 0x000000074db00000| Untracked 
| 220|0x000000074dc00000, 0x000000074dc00000, 0x000000074dd00000|  0%| F|  |TAMS 0x000000074dc00000, 0x000000074dc00000| Untracked 
| 221|0x000000074dd00000, 0x000000074dd00000, 0x000000074de00000|  0%| F|  |TAMS 0x000000074dd00000, 0x000000074dd00000| Untracked 
| 222|0x000000074de00000, 0x000000074de00000, 0x000000074df00000|  0%| F|  |TAMS 0x000000074de00000, 0x000000074de00000| Untracked 
| 223|0x000000074df00000, 0x000000074df00000, 0x000000074e000000|  0%| F|  |TAMS 0x000000074df00000, 0x000000074df00000| Untracked 
| 224|0x000000074e000000, 0x000000074e000000, 0x000000074e100000|  0%| F|  |TAMS 0x000000074e000000, 0x000000074e000000| Untracked 
| 225|0x000000074e100000, 0x000000074e100000, 0x000000074e200000|  0%| F|  |TAMS 0x000000074e100000, 0x000000074e100000| Untracked 
| 226|0x000000074e200000, 0x000000074e200000, 0x000000074e300000|  0%| F|  |TAMS 0x000000074e200000, 0x000000074e200000| Untracked 
| 227|0x000000074e300000, 0x000000074e300000, 0x000000074e400000|  0%| F|  |TAMS 0x000000074e300000, 0x000000074e300000| Untracked 
| 228|0x000000074e400000, 0x000000074e400000, 0x000000074e500000|  0%| F|  |TAMS 0x000000074e400000, 0x000000074e400000| Untracked 
| 229|0x000000074e500000, 0x000000074e500000, 0x000000074e600000|  0%| F|  |TAMS 0x000000074e500000, 0x000000074e500000| Untracked 
| 230|0x000000074e600000, 0x000000074e600000, 0x000000074e700000|  0%| F|  |TAMS 0x000000074e600000, 0x000000074e600000| Untracked 
| 231|0x000000074e700000, 0x000000074e700000, 0x000000074e800000|  0%| F|  |TAMS 0x000000074e700000, 0x000000074e700000| Untracked 
| 232|0x000000074e800000, 0x000000074e800000, 0x000000074e900000|  0%| F|  |TAMS 0x000000074e800000, 0x000000074e800000| Untracked 
| 233|0x000000074e900000, 0x000000074e900000, 0x000000074ea00000|  0%| F|  |TAMS 0x000000074e900000, 0x000000074e900000| Untracked 
| 234|0x000000074ea00000, 0x000000074ea00000, 0x000000074eb00000|  0%| F|  |TAMS 0x000000074ea00000, 0x000000074ea00000| Untracked 
| 235|0x000000074eb00000, 0x000000074eb00000, 0x000000074ec00000|  0%| F|  |TAMS 0x000000074eb00000, 0x000000074eb00000| Untracked 
| 236|0x000000074ec00000, 0x000000074ec00000, 0x000000074ed00000|  0%| F|  |TAMS 0x000000074ec00000, 0x000000074ec00000| Untracked 
| 237|0x000000074ed00000, 0x000000074ed00000, 0x000000074ee00000|  0%| F|  |TAMS 0x000000074ed00000, 0x000000074ed00000| Untracked 
| 238|0x000000074ee00000, 0x000000074ee00000, 0x000000074ef00000|  0%| F|  |TAMS 0x000000074ee00000, 0x000000074ee00000| Untracked 
| 239|0x000000074ef00000, 0x000000074ef00000, 0x000000074f000000|  0%| F|  |TAMS 0x000000074ef00000, 0x000000074ef00000| Untracked 
| 240|0x000000074f000000, 0x000000074f000000, 0x000000074f100000|  0%| F|  |TAMS 0x000000074f000000, 0x000000074f000000| Untracked 
| 241|0x000000074f100000, 0x000000074f100000, 0x000000074f200000|  0%| F|  |TAMS 0x000000074f100000, 0x000000074f100000| Untracked 
| 242|0x000000074f200000, 0x000000074f200000, 0x000000074f300000|  0%| F|  |TAMS 0x000000074f200000, 0x000000074f200000| Untracked 
| 243|0x000000074f300000, 0x000000074f300000, 0x000000074f400000|  0%| F|  |TAMS 0x000000074f300000, 0x000000074f300000| Untracked 
| 244|0x000000074f400000, 0x000000074f400000, 0x000000074f500000|  0%| F|  |TAMS 0x000000074f400000, 0x000000074f400000| Untracked 
| 245|0x000000074f500000, 0x000000074f500000, 0x000000074f600000|  0%| F|  |TAMS 0x000000074f500000, 0x000000074f500000| Untracked 
| 246|0x000000074f600000, 0x000000074f600000, 0x000000074f700000|  0%| F|  |TAMS 0x000000074f600000, 0x000000074f600000| Untracked 
| 247|0x000000074f700000, 0x000000074f700000, 0x000000074f800000|  0%| F|  |TAMS 0x000000074f700000, 0x000000074f700000| Untracked 
| 248|0x000000074f800000, 0x000000074f800000, 0x000000074f900000|  0%| F|  |TAMS 0x000000074f800000, 0x000000074f800000| Untracked 
| 249|0x000000074f900000, 0x000000074f900000, 0x000000074fa00000|  0%| F|  |TAMS 0x000000074f900000, 0x000000074f900000| Untracked 
| 250|0x000000074fa00000, 0x000000074fa00000, 0x000000074fb00000|  0%| F|  |TAMS 0x000000074fa00000, 0x000000074fa00000| Untracked 
| 251|0x000000074fb00000, 0x000000074fb00000, 0x000000074fc00000|  0%| F|  |TAMS 0x000000074fb00000, 0x000000074fb00000| Untracked 
| 252|0x000000074fc00000, 0x000000074fc00000, 0x000000074fd00000|  0%| F|  |TAMS 0x000000074fc00000, 0x000000074fc00000| Untracked 
| 253|0x000000074fd00000, 0x000000074fd00000, 0x000000074fe00000|  0%| F|  |TAMS 0x000000074fd00000, 0x000000074fd00000| Untracked 
| 254|0x000000074fe00000, 0x000000074fe00000, 0x000000074ff00000|  0%| F|  |TAMS 0x000000074fe00000, 0x000000074fe00000| Untracked 
| 255|0x000000074ff00000, 0x000000074ff12a28, 0x0000000750000000|  7%| O|  |TAMS 0x000000074ff12a28, 0x000000074ff00000| Untracked 
| 256|0x0000000750000000, 0x0000000750000000, 0x0000000750100000|  0%| F|  |TAMS 0x0000000750000000, 0x0000000750000000| Untracked 
| 257|0x0000000750100000, 0x0000000750100000, 0x0000000750200000|  0%| F|  |TAMS 0x0000000750100000, 0x0000000750100000| Untracked 
| 258|0x0000000750200000, 0x0000000750200000, 0x0000000750300000|  0%| F|  |TAMS 0x0000000750200000, 0x0000000750200000| Untracked 
| 259|0x0000000750300000, 0x0000000750300000, 0x0000000750400000|  0%| F|  |TAMS 0x0000000750300000, 0x0000000750300000| Untracked 
| 260|0x0000000750400000, 0x0000000750400000, 0x0000000750500000|  0%| F|  |TAMS 0x0000000750400000, 0x0000000750400000| Untracked 
| 261|0x0000000750500000, 0x0000000750500000, 0x0000000750600000|  0%| F|  |TAMS 0x0000000750500000, 0x0000000750500000| Untracked 
| 262|0x0000000750600000, 0x0000000750600000, 0x0000000750700000|  0%| F|  |TAMS 0x0000000750600000, 0x0000000750600000| Untracked 
| 263|0x0000000750700000, 0x0000000750700000, 0x0000000750800000|  0%| F|  |TAMS 0x0000000750700000, 0x0000000750700000| Untracked 
| 264|0x0000000750800000, 0x0000000750800000, 0x0000000750900000|  0%| F|  |TAMS 0x0000000750800000, 0x0000000750800000| Untracked 
| 265|0x0000000750900000, 0x0000000750900000, 0x0000000750a00000|  0%| F|  |TAMS 0x0000000750900000, 0x0000000750900000| Untracked 
| 266|0x0000000750a00000, 0x0000000750a00000, 0x0000000750b00000|  0%| F|  |TAMS 0x0000000750a00000, 0x0000000750a00000| Untracked 
| 267|0x0000000750b00000, 0x0000000750b00000, 0x0000000750c00000|  0%| F|  |TAMS 0x0000000750b00000, 0x0000000750b00000| Untracked 
| 268|0x0000000750c00000, 0x0000000750c00000, 0x0000000750d00000|  0%| F|  |TAMS 0x0000000750c00000, 0x0000000750c00000| Untracked 
| 269|0x0000000750d00000, 0x0000000750d00000, 0x0000000750e00000|  0%| F|  |TAMS 0x0000000750d00000, 0x0000000750d00000| Untracked 
| 270|0x0000000750e00000, 0x0000000750e00000, 0x0000000750f00000|  0%| F|  |TAMS 0x0000000750e00000, 0x0000000750e00000| Untracked 
| 271|0x0000000750f00000, 0x0000000750f00000, 0x0000000751000000|  0%| F|  |TAMS 0x0000000750f00000, 0x0000000750f00000| Untracked 
| 272|0x0000000751000000, 0x0000000751000000, 0x0000000751100000|  0%| F|  |TAMS 0x0000000751000000, 0x0000000751000000| Untracked 
| 273|0x0000000751100000, 0x0000000751100000, 0x0000000751200000|  0%| F|  |TAMS 0x0000000751100000, 0x0000000751100000| Untracked 
| 274|0x0000000751200000, 0x0000000751200000, 0x0000000751300000|  0%| F|  |TAMS 0x0000000751200000, 0x0000000751200000| Untracked 
| 275|0x0000000751300000, 0x0000000751300000, 0x0000000751400000|  0%| F|  |TAMS 0x0000000751300000, 0x0000000751300000| Untracked 
| 276|0x0000000751400000, 0x0000000751400000, 0x0000000751500000|  0%| F|  |TAMS 0x0000000751400000, 0x0000000751400000| Untracked 
| 277|0x0000000751500000, 0x0000000751500000, 0x0000000751600000|  0%| F|  |TAMS 0x0000000751500000, 0x0000000751500000| Untracked 
| 278|0x0000000751600000, 0x0000000751600000, 0x0000000751700000|  0%| F|  |TAMS 0x0000000751600000, 0x0000000751600000| Untracked 
| 279|0x0000000751700000, 0x0000000751700000, 0x0000000751800000|  0%| F|  |TAMS 0x0000000751700000, 0x0000000751700000| Untracked 
| 280|0x0000000751800000, 0x0000000751800000, 0x0000000751900000|  0%| F|  |TAMS 0x0000000751800000, 0x0000000751800000| Untracked 
| 281|0x0000000751900000, 0x0000000751900000, 0x0000000751a00000|  0%| F|  |TAMS 0x0000000751900000, 0x0000000751900000| Untracked 
| 282|0x0000000751a00000, 0x0000000751a00000, 0x0000000751b00000|  0%| F|  |TAMS 0x0000000751a00000, 0x0000000751a00000| Untracked 
| 283|0x0000000751b00000, 0x0000000751b00000, 0x0000000751c00000|  0%| F|  |TAMS 0x0000000751b00000, 0x0000000751b00000| Untracked 
| 284|0x0000000751c00000, 0x0000000751c00000, 0x0000000751d00000|  0%| F|  |TAMS 0x0000000751c00000, 0x0000000751c00000| Untracked 
| 285|0x0000000751d00000, 0x0000000751d00000, 0x0000000751e00000|  0%| F|  |TAMS 0x0000000751d00000, 0x0000000751d00000| Untracked 
| 286|0x0000000751e00000, 0x0000000751e00000, 0x0000000751f00000|  0%| F|  |TAMS 0x0000000751e00000, 0x0000000751e00000| Untracked 
| 287|0x0000000751f00000, 0x0000000751f00000, 0x0000000752000000|  0%| F|  |TAMS 0x0000000751f00000, 0x0000000751f00000| Untracked 
| 288|0x0000000752000000, 0x0000000752000000, 0x0000000752100000|  0%| F|  |TAMS 0x0000000752000000, 0x0000000752000000| Untracked 
| 289|0x0000000752100000, 0x0000000752100000, 0x0000000752200000|  0%| F|  |TAMS 0x0000000752100000, 0x0000000752100000| Untracked 
| 290|0x0000000752200000, 0x0000000752200000, 0x0000000752300000|  0%| F|  |TAMS 0x0000000752200000, 0x0000000752200000| Untracked 
| 291|0x0000000752300000, 0x0000000752300000, 0x0000000752400000|  0%| F|  |TAMS 0x0000000752300000, 0x0000000752300000| Untracked 
| 292|0x0000000752400000, 0x0000000752400000, 0x0000000752500000|  0%| F|  |TAMS 0x0000000752400000, 0x0000000752400000| Untracked 
| 293|0x0000000752500000, 0x0000000752500000, 0x0000000752600000|  0%| F|  |TAMS 0x0000000752500000, 0x0000000752500000| Untracked 
| 294|0x0000000752600000, 0x0000000752600000, 0x0000000752700000|  0%| F|  |TAMS 0x0000000752600000, 0x0000000752600000| Untracked 
| 295|0x0000000752700000, 0x0000000752700000, 0x0000000752800000|  0%| F|  |TAMS 0x0000000752700000, 0x0000000752700000| Untracked 
| 296|0x0000000752800000, 0x0000000752800000, 0x0000000752900000|  0%| F|  |TAMS 0x0000000752800000, 0x0000000752800000| Untracked 
| 297|0x0000000752900000, 0x0000000752900000, 0x0000000752a00000|  0%| F|  |TAMS 0x0000000752900000, 0x0000000752900000| Untracked 
| 298|0x0000000752a00000, 0x0000000752a00000, 0x0000000752b00000|  0%| F|  |TAMS 0x0000000752a00000, 0x0000000752a00000| Untracked 
| 299|0x0000000752b00000, 0x0000000752b00000, 0x0000000752c00000|  0%| F|  |TAMS 0x0000000752b00000, 0x0000000752b00000| Untracked 
| 300|0x0000000752c00000, 0x0000000752c00000, 0x0000000752d00000|  0%| F|  |TAMS 0x0000000752c00000, 0x0000000752c00000| Untracked 
| 301|0x0000000752d00000, 0x0000000752d00000, 0x0000000752e00000|  0%| F|  |TAMS 0x0000000752d00000, 0x0000000752d00000| Untracked 
| 302|0x0000000752e00000, 0x0000000752e00000, 0x0000000752f00000|  0%| F|  |TAMS 0x0000000752e00000, 0x0000000752e00000| Untracked 
| 303|0x0000000752f00000, 0x0000000752f00000, 0x0000000753000000|  0%| F|  |TAMS 0x0000000752f00000, 0x0000000752f00000| Untracked 
| 304|0x0000000753000000, 0x0000000753000000, 0x0000000753100000|  0%| F|  |TAMS 0x0000000753000000, 0x0000000753000000| Untracked 
| 305|0x0000000753100000, 0x0000000753100000, 0x0000000753200000|  0%| F|  |TAMS 0x0000000753100000, 0x0000000753100000| Untracked 
| 306|0x0000000753200000, 0x0000000753200000, 0x0000000753300000|  0%| F|  |TAMS 0x0000000753200000, 0x0000000753200000| Untracked 
| 307|0x0000000753300000, 0x0000000753300000, 0x0000000753400000|  0%| F|  |TAMS 0x0000000753300000, 0x0000000753300000| Untracked 
| 308|0x0000000753400000, 0x0000000753400000, 0x0000000753500000|  0%| F|  |TAMS 0x0000000753400000, 0x0000000753400000| Untracked 
| 309|0x0000000753500000, 0x0000000753500000, 0x0000000753600000|  0%| F|  |TAMS 0x0000000753500000, 0x0000000753500000| Untracked 
| 310|0x0000000753600000, 0x0000000753600000, 0x0000000753700000|  0%| F|  |TAMS 0x0000000753600000, 0x0000000753600000| Untracked 
| 311|0x0000000753700000, 0x0000000753700000, 0x0000000753800000|  0%| F|  |TAMS 0x0000000753700000, 0x0000000753700000| Untracked 
| 312|0x0000000753800000, 0x0000000753800000, 0x0000000753900000|  0%| F|  |TAMS 0x0000000753800000, 0x0000000753800000| Untracked 
| 313|0x0000000753900000, 0x0000000753900000, 0x0000000753a00000|  0%| F|  |TAMS 0x0000000753900000, 0x0000000753900000| Untracked 
| 314|0x0000000753a00000, 0x0000000753a00000, 0x0000000753b00000|  0%| F|  |TAMS 0x0000000753a00000, 0x0000000753a00000| Untracked 
| 315|0x0000000753b00000, 0x0000000753b00000, 0x0000000753c00000|  0%| F|  |TAMS 0x0000000753b00000, 0x0000000753b00000| Untracked 
| 316|0x0000000753c00000, 0x0000000753c00000, 0x0000000753d00000|  0%| F|  |TAMS 0x0000000753c00000, 0x0000000753c00000| Untracked 
| 317|0x0000000753d00000, 0x0000000753d00000, 0x0000000753e00000|  0%| F|  |TAMS 0x0000000753d00000, 0x0000000753d00000| Untracked 
| 318|0x0000000753e00000, 0x0000000753e00000, 0x0000000753f00000|  0%| F|  |TAMS 0x0000000753e00000, 0x0000000753e00000| Untracked 
| 319|0x0000000753f00000, 0x0000000753f00000, 0x0000000754000000|  0%| F|  |TAMS 0x0000000753f00000, 0x0000000753f00000| Untracked 
| 320|0x0000000754000000, 0x0000000754000000, 0x0000000754100000|  0%| F|  |TAMS 0x0000000754000000, 0x0000000754000000| Untracked 
| 321|0x0000000754100000, 0x0000000754100000, 0x0000000754200000|  0%| F|  |TAMS 0x0000000754100000, 0x0000000754100000| Untracked 
| 322|0x0000000754200000, 0x0000000754200000, 0x0000000754300000|  0%| F|  |TAMS 0x0000000754200000, 0x0000000754200000| Untracked 
| 323|0x0000000754300000, 0x0000000754300000, 0x0000000754400000|  0%| F|  |TAMS 0x0000000754300000, 0x0000000754300000| Untracked 
| 324|0x0000000754400000, 0x0000000754400000, 0x0000000754500000|  0%| F|  |TAMS 0x0000000754400000, 0x0000000754400000| Untracked 
| 325|0x0000000754500000, 0x0000000754500000, 0x0000000754600000|  0%| F|  |TAMS 0x0000000754500000, 0x0000000754500000| Untracked 
| 326|0x0000000754600000, 0x0000000754600000, 0x0000000754700000|  0%| F|  |TAMS 0x0000000754600000, 0x0000000754600000| Untracked 
| 327|0x0000000754700000, 0x0000000754700000, 0x0000000754800000|  0%| F|  |TAMS 0x0000000754700000, 0x0000000754700000| Untracked 
| 328|0x0000000754800000, 0x0000000754800000, 0x0000000754900000|  0%| F|  |TAMS 0x0000000754800000, 0x0000000754800000| Untracked 
| 329|0x0000000754900000, 0x0000000754900000, 0x0000000754a00000|  0%| F|  |TAMS 0x0000000754900000, 0x0000000754900000| Untracked 
| 330|0x0000000754a00000, 0x0000000754a00000, 0x0000000754b00000|  0%| F|  |TAMS 0x0000000754a00000, 0x0000000754a00000| Untracked 
| 331|0x0000000754b00000, 0x0000000754b00000, 0x0000000754c00000|  0%| F|  |TAMS 0x0000000754b00000, 0x0000000754b00000| Untracked 
| 332|0x0000000754c00000, 0x0000000754c00000, 0x0000000754d00000|  0%| F|  |TAMS 0x0000000754c00000, 0x0000000754c00000| Untracked 
| 333|0x0000000754d00000, 0x0000000754d00000, 0x0000000754e00000|  0%| F|  |TAMS 0x0000000754d00000, 0x0000000754d00000| Untracked 
| 334|0x0000000754e00000, 0x0000000754e00000, 0x0000000754f00000|  0%| F|  |TAMS 0x0000000754e00000, 0x0000000754e00000| Untracked 
| 335|0x0000000754f00000, 0x0000000754f00000, 0x0000000755000000|  0%| F|  |TAMS 0x0000000754f00000, 0x0000000754f00000| Untracked 
| 336|0x0000000755000000, 0x0000000755000000, 0x0000000755100000|  0%| F|  |TAMS 0x0000000755000000, 0x0000000755000000| Untracked 
| 337|0x0000000755100000, 0x0000000755100000, 0x0000000755200000|  0%| F|  |TAMS 0x0000000755100000, 0x0000000755100000| Untracked 
| 338|0x0000000755200000, 0x0000000755200000, 0x0000000755300000|  0%| F|  |TAMS 0x0000000755200000, 0x0000000755200000| Untracked 
| 339|0x0000000755300000, 0x0000000755300000, 0x0000000755400000|  0%| F|  |TAMS 0x0000000755300000, 0x0000000755300000| Untracked 
| 340|0x0000000755400000, 0x0000000755400000, 0x0000000755500000|  0%| F|  |TAMS 0x0000000755400000, 0x0000000755400000| Untracked 
| 341|0x0000000755500000, 0x0000000755500000, 0x0000000755600000|  0%| F|  |TAMS 0x0000000755500000, 0x0000000755500000| Untracked 
| 342|0x0000000755600000, 0x0000000755600000, 0x0000000755700000|  0%| F|  |TAMS 0x0000000755600000, 0x0000000755600000| Untracked 
| 343|0x0000000755700000, 0x0000000755700000, 0x0000000755800000|  0%| F|  |TAMS 0x0000000755700000, 0x0000000755700000| Untracked 
| 344|0x0000000755800000, 0x0000000755800000, 0x0000000755900000|  0%| F|  |TAMS 0x0000000755800000, 0x0000000755800000| Untracked 
| 345|0x0000000755900000, 0x0000000755900000, 0x0000000755a00000|  0%| F|  |TAMS 0x0000000755900000, 0x0000000755900000| Untracked 
| 346|0x0000000755a00000, 0x0000000755a00000, 0x0000000755b00000|  0%| F|  |TAMS 0x0000000755a00000, 0x0000000755a00000| Untracked 
| 347|0x0000000755b00000, 0x0000000755b00000, 0x0000000755c00000|  0%| F|  |TAMS 0x0000000755b00000, 0x0000000755b00000| Untracked 
| 348|0x0000000755c00000, 0x0000000755c00000, 0x0000000755d00000|  0%| F|  |TAMS 0x0000000755c00000, 0x0000000755c00000| Untracked 
| 349|0x0000000755d00000, 0x0000000755d00000, 0x0000000755e00000|  0%| F|  |TAMS 0x0000000755d00000, 0x0000000755d00000| Untracked 
| 350|0x0000000755e00000, 0x0000000755e00000, 0x0000000755f00000|  0%| F|  |TAMS 0x0000000755e00000, 0x0000000755e00000| Untracked 
| 351|0x0000000755f00000, 0x0000000755f00000, 0x0000000756000000|  0%| F|  |TAMS 0x0000000755f00000, 0x0000000755f00000| Untracked 
| 352|0x0000000756000000, 0x0000000756000000, 0x0000000756100000|  0%| F|  |TAMS 0x0000000756000000, 0x0000000756000000| Untracked 
| 353|0x0000000756100000, 0x0000000756100000, 0x0000000756200000|  0%| F|  |TAMS 0x0000000756100000, 0x0000000756100000| Untracked 
| 354|0x0000000756200000, 0x0000000756200000, 0x0000000756300000|  0%| F|  |TAMS 0x0000000756200000, 0x0000000756200000| Untracked 
| 355|0x0000000756300000, 0x0000000756300000, 0x0000000756400000|  0%| F|  |TAMS 0x0000000756300000, 0x0000000756300000| Untracked 
| 356|0x0000000756400000, 0x0000000756400000, 0x0000000756500000|  0%| F|  |TAMS 0x0000000756400000, 0x0000000756400000| Untracked 
| 357|0x0000000756500000, 0x0000000756500000, 0x0000000756600000|  0%| F|  |TAMS 0x0000000756500000, 0x0000000756500000| Untracked 
| 358|0x0000000756600000, 0x0000000756600000, 0x0000000756700000|  0%| F|  |TAMS 0x0000000756600000, 0x0000000756600000| Untracked 
| 359|0x0000000756700000, 0x0000000756700000, 0x0000000756800000|  0%| F|  |TAMS 0x0000000756700000, 0x0000000756700000| Untracked 
| 360|0x0000000756800000, 0x0000000756800000, 0x0000000756900000|  0%| F|  |TAMS 0x0000000756800000, 0x0000000756800000| Untracked 
| 361|0x0000000756900000, 0x0000000756900000, 0x0000000756a00000|  0%| F|  |TAMS 0x0000000756900000, 0x0000000756900000| Untracked 
| 362|0x0000000756a00000, 0x0000000756a00000, 0x0000000756b00000|  0%| F|  |TAMS 0x0000000756a00000, 0x0000000756a00000| Untracked 
| 363|0x0000000756b00000, 0x0000000756b00000, 0x0000000756c00000|  0%| F|  |TAMS 0x0000000756b00000, 0x0000000756b00000| Untracked 
| 364|0x0000000756c00000, 0x0000000756c00000, 0x0000000756d00000|  0%| F|  |TAMS 0x0000000756c00000, 0x0000000756c00000| Untracked 
| 365|0x0000000756d00000, 0x0000000756d00000, 0x0000000756e00000|  0%| F|  |TAMS 0x0000000756d00000, 0x0000000756d00000| Untracked 
| 366|0x0000000756e00000, 0x0000000756e00000, 0x0000000756f00000|  0%| F|  |TAMS 0x0000000756e00000, 0x0000000756e00000| Untracked 
| 367|0x0000000756f00000, 0x0000000756f00000, 0x0000000757000000|  0%| F|  |TAMS 0x0000000756f00000, 0x0000000756f00000| Untracked 
| 368|0x0000000757000000, 0x0000000757000000, 0x0000000757100000|  0%| F|  |TAMS 0x0000000757000000, 0x0000000757000000| Untracked 
| 369|0x0000000757100000, 0x0000000757100000, 0x0000000757200000|  0%| F|  |TAMS 0x0000000757100000, 0x0000000757100000| Untracked 
| 370|0x0000000757200000, 0x0000000757200000, 0x0000000757300000|  0%| F|  |TAMS 0x0000000757200000, 0x0000000757200000| Untracked 
| 371|0x0000000757300000, 0x0000000757300000, 0x0000000757400000|  0%| F|  |TAMS 0x0000000757300000, 0x0000000757300000| Untracked 
| 372|0x0000000757400000, 0x00000007574958e8, 0x0000000757500000| 58%| S|CS|TAMS 0x0000000757400000, 0x0000000757400000| Complete 
| 373|0x0000000757500000, 0x0000000757500000, 0x0000000757600000|  0%| F|  |TAMS 0x0000000757500000, 0x0000000757500000| Untracked 
| 374|0x0000000757600000, 0x0000000757700000, 0x0000000757700000|100%| S|CS|TAMS 0x0000000757600000, 0x0000000757600000| Complete 
| 375|0x0000000757700000, 0x0000000757700000, 0x0000000757800000|  0%| F|  |TAMS 0x0000000757700000, 0x0000000757700000| Untracked 
| 376|0x0000000757800000, 0x0000000757800000, 0x0000000757900000|  0%| F|  |TAMS 0x0000000757800000, 0x0000000757800000| Untracked 
| 377|0x0000000757900000, 0x0000000757900000, 0x0000000757a00000|  0%| F|  |TAMS 0x0000000757900000, 0x0000000757900000| Untracked 
| 378|0x0000000757a00000, 0x0000000757a00000, 0x0000000757b00000|  0%| F|  |TAMS 0x0000000757a00000, 0x0000000757a00000| Untracked 
| 379|0x0000000757b00000, 0x0000000757b00000, 0x0000000757c00000|  0%| F|  |TAMS 0x0000000757b00000, 0x0000000757b00000| Untracked 
| 380|0x0000000757c00000, 0x0000000757c00000, 0x0000000757d00000|  0%| F|  |TAMS 0x0000000757c00000, 0x0000000757c00000| Untracked 
| 381|0x0000000757d00000, 0x0000000757d00000, 0x0000000757e00000|  0%| F|  |TAMS 0x0000000757d00000, 0x0000000757d00000| Untracked 
| 382|0x0000000757e00000, 0x0000000757e00000, 0x0000000757f00000|  0%| F|  |TAMS 0x0000000757e00000, 0x0000000757e00000| Untracked 
| 383|0x0000000757f00000, 0x0000000757f00000, 0x0000000758000000|  0%| F|  |TAMS 0x0000000757f00000, 0x0000000757f00000| Untracked 
| 384|0x0000000758000000, 0x0000000758000000, 0x0000000758100000|  0%| F|  |TAMS 0x0000000758000000, 0x0000000758000000| Untracked 
| 385|0x0000000758100000, 0x0000000758100000, 0x0000000758200000|  0%| F|  |TAMS 0x0000000758100000, 0x0000000758100000| Untracked 
| 386|0x0000000758200000, 0x0000000758200000, 0x0000000758300000|  0%| F|  |TAMS 0x0000000758200000, 0x0000000758200000| Untracked 
| 387|0x0000000758300000, 0x0000000758300000, 0x0000000758400000|  0%| F|  |TAMS 0x0000000758300000, 0x0000000758300000| Untracked 
| 388|0x0000000758400000, 0x0000000758400000, 0x0000000758500000|  0%| F|  |TAMS 0x0000000758400000, 0x0000000758400000| Untracked 
| 389|0x0000000758500000, 0x0000000758500000, 0x0000000758600000|  0%| F|  |TAMS 0x0000000758500000, 0x0000000758500000| Untracked 
| 390|0x0000000758600000, 0x0000000758600000, 0x0000000758700000|  0%| F|  |TAMS 0x0000000758600000, 0x0000000758600000| Untracked 
| 391|0x0000000758700000, 0x0000000758700000, 0x0000000758800000|  0%| F|  |TAMS 0x0000000758700000, 0x0000000758700000| Untracked 
| 392|0x0000000758800000, 0x0000000758800000, 0x0000000758900000|  0%| F|  |TAMS 0x0000000758800000, 0x0000000758800000| Untracked 
| 393|0x0000000758900000, 0x0000000758900000, 0x0000000758a00000|  0%| F|  |TAMS 0x0000000758900000, 0x0000000758900000| Untracked 
| 394|0x0000000758a00000, 0x0000000758a00000, 0x0000000758b00000|  0%| F|  |TAMS 0x0000000758a00000, 0x0000000758a00000| Untracked 
| 395|0x0000000758b00000, 0x0000000758b00000, 0x0000000758c00000|  0%| F|  |TAMS 0x0000000758b00000, 0x0000000758b00000| Untracked 
| 396|0x0000000758c00000, 0x0000000758c00000, 0x0000000758d00000|  0%| F|  |TAMS 0x0000000758c00000, 0x0000000758c00000| Untracked 
| 397|0x0000000758d00000, 0x0000000758d00000, 0x0000000758e00000|  0%| F|  |TAMS 0x0000000758d00000, 0x0000000758d00000| Untracked 
| 398|0x0000000758e00000, 0x0000000758e00000, 0x0000000758f00000|  0%| F|  |TAMS 0x0000000758e00000, 0x0000000758e00000| Untracked 
| 399|0x0000000758f00000, 0x0000000758f00000, 0x0000000759000000|  0%| F|  |TAMS 0x0000000758f00000, 0x0000000758f00000| Untracked 
| 400|0x0000000759000000, 0x0000000759000000, 0x0000000759100000|  0%| F|  |TAMS 0x0000000759000000, 0x0000000759000000| Untracked 
| 401|0x0000000759100000, 0x0000000759100000, 0x0000000759200000|  0%| F|  |TAMS 0x0000000759100000, 0x0000000759100000| Untracked 
| 402|0x0000000759200000, 0x0000000759200000, 0x0000000759300000|  0%| F|  |TAMS 0x0000000759200000, 0x0000000759200000| Untracked 
| 403|0x0000000759300000, 0x0000000759300000, 0x0000000759400000|  0%| F|  |TAMS 0x0000000759300000, 0x0000000759300000| Untracked 
| 404|0x0000000759400000, 0x0000000759400000, 0x0000000759500000|  0%| F|  |TAMS 0x0000000759400000, 0x0000000759400000| Untracked 
| 405|0x0000000759500000, 0x0000000759500000, 0x0000000759600000|  0%| F|  |TAMS 0x0000000759500000, 0x0000000759500000| Untracked 
| 406|0x0000000759600000, 0x0000000759600000, 0x0000000759700000|  0%| F|  |TAMS 0x0000000759600000, 0x0000000759600000| Untracked 
| 407|0x0000000759700000, 0x0000000759700000, 0x0000000759800000|  0%| F|  |TAMS 0x0000000759700000, 0x0000000759700000| Untracked 
| 408|0x0000000759800000, 0x0000000759800000, 0x0000000759900000|  0%| F|  |TAMS 0x0000000759800000, 0x0000000759800000| Untracked 
| 409|0x0000000759900000, 0x0000000759900000, 0x0000000759a00000|  0%| F|  |TAMS 0x0000000759900000, 0x0000000759900000| Untracked 
| 410|0x0000000759a00000, 0x0000000759a00000, 0x0000000759b00000|  0%| F|  |TAMS 0x0000000759a00000, 0x0000000759a00000| Untracked 
| 411|0x0000000759b00000, 0x0000000759b1bb18, 0x0000000759c00000| 10%| E|  |TAMS 0x0000000759b00000, 0x0000000759b00000| Complete 
| 412|0x0000000759c00000, 0x0000000759d00000, 0x0000000759d00000|100%| E|CS|TAMS 0x0000000759c00000, 0x0000000759c00000| Complete 
| 413|0x0000000759d00000, 0x0000000759e00000, 0x0000000759e00000|100%| E|CS|TAMS 0x0000000759d00000, 0x0000000759d00000| Complete 
| 414|0x0000000759e00000, 0x0000000759f00000, 0x0000000759f00000|100%| E|CS|TAMS 0x0000000759e00000, 0x0000000759e00000| Complete 
| 415|0x0000000759f00000, 0x000000075a000000, 0x000000075a000000|100%| E|CS|TAMS 0x0000000759f00000, 0x0000000759f00000| Complete 
| 416|0x000000075a000000, 0x000000075a100000, 0x000000075a100000|100%| E|CS|TAMS 0x000000075a000000, 0x000000075a000000| Complete 
| 417|0x000000075a100000, 0x000000075a200000, 0x000000075a200000|100%| E|CS|TAMS 0x000000075a100000, 0x000000075a100000| Complete 
| 418|0x000000075a200000, 0x000000075a300000, 0x000000075a300000|100%| E|CS|TAMS 0x000000075a200000, 0x000000075a200000| Complete 
| 419|0x000000075a300000, 0x000000075a400000, 0x000000075a400000|100%| E|CS|TAMS 0x000000075a300000, 0x000000075a300000| Complete 
| 420|0x000000075a400000, 0x000000075a500000, 0x000000075a500000|100%| E|CS|TAMS 0x000000075a400000, 0x000000075a400000| Complete 
| 421|0x000000075a500000, 0x000000075a600000, 0x000000075a600000|100%| E|CS|TAMS 0x000000075a500000, 0x000000075a500000| Complete 
| 422|0x000000075a600000, 0x000000075a700000, 0x000000075a700000|100%| E|CS|TAMS 0x000000075a600000, 0x000000075a600000| Complete 
| 423|0x000000075a700000, 0x000000075a800000, 0x000000075a800000|100%| E|CS|TAMS 0x000000075a700000, 0x000000075a700000| Complete 
| 424|0x000000075a800000, 0x000000075a900000, 0x000000075a900000|100%| E|CS|TAMS 0x000000075a800000, 0x000000075a800000| Complete 
| 425|0x000000075a900000, 0x000000075aa00000, 0x000000075aa00000|100%| E|CS|TAMS 0x000000075a900000, 0x000000075a900000| Complete 
| 426|0x000000075aa00000, 0x000000075ab00000, 0x000000075ab00000|100%| E|CS|TAMS 0x000000075aa00000, 0x000000075aa00000| Complete 
| 427|0x000000075ab00000, 0x000000075ac00000, 0x000000075ac00000|100%| E|CS|TAMS 0x000000075ab00000, 0x000000075ab00000| Complete 
| 428|0x000000075ac00000, 0x000000075ad00000, 0x000000075ad00000|100%| E|CS|TAMS 0x000000075ac00000, 0x000000075ac00000| Complete 
| 429|0x000000075ad00000, 0x000000075ae00000, 0x000000075ae00000|100%| E|CS|TAMS 0x000000075ad00000, 0x000000075ad00000| Complete 
| 430|0x000000075ae00000, 0x000000075af00000, 0x000000075af00000|100%| E|CS|TAMS 0x000000075ae00000, 0x000000075ae00000| Complete 
| 431|0x000000075af00000, 0x000000075b000000, 0x000000075b000000|100%| E|CS|TAMS 0x000000075af00000, 0x000000075af00000| Complete 
| 432|0x000000075b000000, 0x000000075b100000, 0x000000075b100000|100%| E|CS|TAMS 0x000000075b000000, 0x000000075b000000| Complete 
| 433|0x000000075b100000, 0x000000075b200000, 0x000000075b200000|100%| E|CS|TAMS 0x000000075b100000, 0x000000075b100000| Complete 

Card table byte_map: [0x00000190fb960000,0x00000190fbf60000] _byte_map_base: 0x00000190f7f60000

Marking Bits (Prev, Next): (CMBitMap*) 0x00000190cb17e878, (CMBitMap*) 0x00000190cb17e8b0
 Prev Bits: [0x00000190fc560000, 0x00000190ff560000)
 Next Bits: [0x0000019080000000, 0x0000019083000000)

Polling page: 0x00000190a1e00000

Metaspace:

Usage:
  Non-class:    102.68 MB capacity,   101.58 MB ( 99%) used,   848.95 KB ( <1%) free+waste,   279.13 KB ( <1%) overhead. 
      Class:     17.09 MB capacity,    16.34 MB ( 96%) used,   640.39 KB (  4%) free+waste,   123.31 KB ( <1%) overhead. 
       Both:    119.76 MB capacity,   117.92 MB ( 98%) used,     1.45 MB (  1%) free+waste,   402.44 KB ( <1%) overhead. 

Virtual space:
  Non-class space:      104.00 MB reserved,     103.58 MB (>99%) committed 
      Class space:        1.00 GB reserved,      17.75 MB (  2%) committed 
             Both:        1.10 GB reserved,     121.33 MB ( 11%) committed 

Chunk freelists:
   Non-Class:  99.25 KB
       Class:  84.88 KB
        Both:  184.13 KB

CodeHeap 'non-profiled nmethods': size=119168Kb used=40599Kb max_used=41971Kb free=78568Kb
 bounds [0x00000190f4500000, 0x00000190f6e20000, 0x00000190fb960000]
CodeHeap 'profiled nmethods': size=119168Kb used=57531Kb max_used=59490Kb free=61636Kb
 bounds [0x00000190ed0a0000, 0x00000190f0c00000, 0x00000190f4500000]
CodeHeap 'non-nmethods': size=7424Kb used=1798Kb max_used=3582Kb free=5625Kb
 bounds [0x00000190ec960000, 0x00000190ecd40000, 0x00000190ed0a0000]
 total_blobs=59637 nmethods=26437 adapters=1314
 compilation: enabled
              stopped_count=0, restarted_count=0
 full_count=0

Compilation events (10 events):
Event: 25404.910 Thread 0x00000190c823f800 38651       3       java.awt.event.InputEvent::getModifiersExText (233 bytes)
Event: 25404.917 Thread 0x00000190c823f800 nmethod 38651 0x00000190efc03d90 code [0x00000190efc04640, 0x00000190efc09710]
Event: 25405.143 Thread 0x00000190c823f800 38652       3       javax.swing.plaf.synth.SynthPainter::paintSeparatorBorder (14 bytes)
Event: 25405.143 Thread 0x00000190c823f800 nmethod 38652 0x00000190ed59ec90 code [0x00000190ed59ee40, 0x00000190ed59f070]
Event: 25405.143 Thread 0x00000190c823f800 38653       3       de.javasoft.plaf.synthetica.painter.SyntheticaPainter::paintSeparatorBorder (17 bytes)
Event: 25405.143 Thread 0x00000190c823f800 nmethod 38653 0x00000190ed5f4c90 code [0x00000190ed5f4e60, 0x00000190ed5f5070]
Event: 25405.143 Thread 0x00000190c823f800 38654       3       de.javasoft.plaf.synthetica.painter.SeparatorPainter::paintSeparatorBorder (1 bytes)
Event: 25405.143 Thread 0x00000190c823f800 nmethod 38654 0x00000190ed3d0610 code [0x00000190ed3d07c0, 0x00000190ed3d0918]
Event: 25406.923 Thread 0x00000190c823f800 38655       1       ui.dlg.s.ag::fpd (2 bytes)
Event: 25406.923 Thread 0x00000190c823f800 nmethod 38655 0x00000190f4c86e10 code [0x00000190f4c86fc0, 0x00000190f4c870d8]

GC Heap History (10 events):
Event: 25394.282 GC heap before
{Heap before GC invocations=3954 (full 341):
 garbage-first heap   total 444416K, used 261528K [0x0000000740000000, 0x0000000800000000)
  region size 1024K, 60 young (61440K), 1 survivors (1024K)
 Metaspace       used 120783K, capacity 122697K, committed 124240K, reserved 1155072K
  class space    used 16742K, capacity 17515K, committed 18176K, reserved 1048576K
}
Event: 25394.285 GC heap after
{Heap after GC invocations=3955 (full 341):
 garbage-first heap   total 444416K, used 201313K [0x0000000740000000, 0x0000000800000000)
  region size 1024K, 2 young (2048K), 2 survivors (2048K)
 Metaspace       used 120783K, capacity 122697K, committed 124240K, reserved 1155072K
  class space    used 16742K, capacity 17515K, committed 18176K, reserved 1048576K
}
Event: 25396.272 GC heap before
{Heap before GC invocations=3956 (full 341):
 garbage-first heap   total 444416K, used 260705K [0x0000000740000000, 0x0000000800000000)
  region size 1024K, 60 young (61440K), 2 survivors (2048K)
 Metaspace       used 120745K, capacity 122639K, committed 124240K, reserved 1155072K
  class space    used 16733K, capacity 17497K, committed 18176K, reserved 1048576K
}
Event: 25396.276 GC heap after
{Heap after GC invocations=3957 (full 341):
 garbage-first heap   total 444416K, used 201619K [0x0000000740000000, 0x0000000800000000)
  region size 1024K, 2 young (2048K), 2 survivors (2048K)
 Metaspace       used 120745K, capacity 122639K, committed 124240K, reserved 1155072K
  class space    used 16733K, capacity 17497K, committed 18176K, reserved 1048576K
}
Event: 25396.442 GC heap before
{Heap before GC invocations=3957 (full 341):
 garbage-first heap   total 444416K, used 261011K [0x0000000740000000, 0x0000000800000000)
  region size 1024K, 60 young (61440K), 2 survivors (2048K)
 Metaspace       used 120745K, capacity 122639K, committed 124240K, reserved 1155072K
  class space    used 16733K, capacity 17497K, committed 18176K, reserved 1048576K
}
Event: 25396.444 GC heap after
{Heap after GC invocations=3958 (full 341):
 garbage-first heap   total 444416K, used 201309K [0x0000000740000000, 0x0000000800000000)
  region size 1024K, 2 young (2048K), 2 survivors (2048K)
 Metaspace       used 120745K, capacity 122639K, committed 124240K, reserved 1155072K
  class space    used 16733K, capacity 17497K, committed 18176K, reserved 1048576K
}
Event: 25404.388 GC heap before
{Heap before GC invocations=3959 (full 341):
 garbage-first heap   total 444416K, used 260701K [0x0000000740000000, 0x0000000800000000)
  region size 1024K, 60 young (61440K), 2 survivors (2048K)
 Metaspace       used 120745K, capacity 122639K, committed 124240K, reserved 1155072K
  class space    used 16733K, capacity 17497K, committed 18176K, reserved 1048576K
}
Event: 25404.391 GC heap after
{Heap after GC invocations=3960 (full 341):
 garbage-first heap   total 444416K, used 201855K [0x0000000740000000, 0x0000000800000000)
  region size 1024K, 2 young (2048K), 2 survivors (2048K)
 Metaspace       used 120745K, capacity 122639K, committed 124240K, reserved 1155072K
  class space    used 16733K, capacity 17497K, committed 18176K, reserved 1048576K
}
Event: 25406.799 GC heap before
{Heap before GC invocations=3960 (full 341):
 garbage-first heap   total 444416K, used 261247K [0x0000000740000000, 0x0000000800000000)
  region size 1024K, 60 young (61440K), 2 survivors (2048K)
 Metaspace       used 120747K, capacity 122639K, committed 124240K, reserved 1155072K
  class space    used 16733K, capacity 17497K, committed 18176K, reserved 1048576K
}
Event: 25406.802 GC heap after
{Heap after GC invocations=3961 (full 341):
 garbage-first heap   total 444416K, used 201778K [0x0000000740000000, 0x0000000800000000)
  region size 1024K, 2 young (2048K), 2 survivors (2048K)
 Metaspace       used 120747K, capacity 122639K, committed 124240K, reserved 1155072K
  class space    used 16733K, capacity 17497K, committed 18176K, reserved 1048576K
}

Deoptimization events (10 events):
Event: 24887.089 Thread 0x00000190cc108800 Uncommon trap: reason=unstable_if action=reinterpret pc=0x00000190f69dbf58 method=com.google.protobuf.CodedOutputStream$ArrayEncoder.writeUInt32NoTag(I)V @ 84 c2
Event: 24899.636 Thread 0x00000190cc108800 Uncommon trap: reason=unstable_if action=reinterpret pc=0x00000190f6b660a8 method=ui.views.waveform.f.l.getNodeDimensions(Ljava/lang/Object;IIZLjava/awt/Rectangle;)Ljava/awt/Rectangle; @ 23 c2
Event: 24899.637 Thread 0x00000190cc108800 Uncommon trap: reason=unstable_if action=reinterpret pc=0x00000190f6ba8840 method=ui.views.waveform.f.l.getNodeDimensions(Ljava/lang/Object;IIZLjava/awt/Rectangle;)Ljava/awt/Rectangle; @ 23 c2
Event: 24899.659 Thread 0x00000190cc108800 Uncommon trap: reason=speculate_class_check action=maybe_recompile pc=0x00000190f5f1b914 method=com.jidesoft.docking.DockableFrame.getFloatingAction()Ljavax/swing/Action; @ 2 c2
Event: 24899.719 Thread 0x00000190cc108800 Uncommon trap: reason=unstable_if action=reinterpret pc=0x00000190f61c2888 method=ui.views.waveform.b.a.gVv()I @ 4 c2
Event: 24899.719 Thread 0x00000190cc108800 Uncommon trap: reason=unstable_if action=reinterpret pc=0x00000190f6babb08 method=ui.views.waveform.b.a.gVw()I @ 4 c2
Event: 24933.919 Thread 0x00000190cc108800 Uncommon trap: reason=unstable_if action=reinterpret pc=0x00000190f684fc98 method=java.awt.event.InputEvent.getModifiersExText(I)Ljava/lang/String; @ 40 c2
Event: 24933.926 Thread 0x00000190cc108800 Uncommon trap: reason=bimorphic_or_optimized_type_check action=maybe_recompile pc=0x00000190f5e3390c method=sun.java2d.marlin.DHelpers$PolyStack.popAll(Lsun/java2d/marlin/DPathConsumer2D;)V @ 214 c2
Event: 25008.951 Thread 0x00000190cc108800 Uncommon trap: reason=unstable_if action=reinterpret pc=0x00000190f69f3fdc method=ui.frmwork.b.j.processMouseMotionEvent(Ljava/awt/event/MouseEvent;)V @ 79 c2
Event: 25008.965 Thread 0x00000190cc108800 Uncommon trap: reason=unstable_if action=reinterpret pc=0x00000190f6213c6c method=ui.data.p.b.c.l.g(Lui/data/p/a;II)V @ 122 c2

Classes redefined (0 events):
No events

Internal exceptions (10 events):
Event: 24899.636 Thread 0x00000190cc108800 Implicit null exception at 0x00000190f6b6219c to 0x00000190f6b66072
Event: 24899.637 Thread 0x00000190cc108800 Implicit null exception at 0x00000190f6ba7590 to 0x00000190f6ba8836
Event: 24899.719 Thread 0x00000190cc108800 Implicit null exception at 0x00000190f61c2853 to 0x00000190f61c2875
Event: 24899.719 Thread 0x00000190cc108800 Implicit null exception at 0x00000190f6babad3 to 0x00000190f6babaf5
Event: 24906.184 Thread 0x00000190cc108800 Exception <a 'java/awt/IllegalComponentStateException'{0x00000007582b02b0}> (0x00000007582b02b0) thrown at [t:/workspace/open/src/hotspot/share/prims/jvm.cpp, line 1311]
Event: 25250.296 Thread 0x00000191a1e53000 Exception <a 'java/lang/InterruptedException'{0x000000075b0004c8}: sleep interrupted> (0x000000075b0004c8) thrown at [t:/workspace/open/src/hotspot/share/prims/jvm.cpp, line 3091]
Event: 25313.815 Thread 0x00000190cc108800 Exception <a 'java/awt/IllegalComponentStateException'{0x00000007595b0e10}> (0x00000007595b0e10) thrown at [t:/workspace/open/src/hotspot/share/prims/jvm.cpp, line 1311]
Event: 25378.386 Thread 0x00000191a1e53000 Exception <a 'java/lang/InterruptedException'{0x000000075b1821c0}: sleep interrupted> (0x000000075b1821c0) thrown at [t:/workspace/open/src/hotspot/share/prims/jvm.cpp, line 3091]
Event: 25390.381 Thread 0x00000191a1e53000 Exception <a 'java/lang/InterruptedException'{0x000000075ae80f80}: sleep interrupted> (0x000000075ae80f80) thrown at [t:/workspace/open/src/hotspot/share/prims/jvm.cpp, line 3091]
Event: 25396.400 Thread 0x00000191a1e53000 Exception <a 'java/lang/InterruptedException'{0x0000000759f997a0}: sleep interrupted> (0x0000000759f997a0) thrown at [t:/workspace/open/src/hotspot/share/prims/jvm.cpp, line 3091]

Events (10 events):
Event: 25405.271 Thread 0x00000191a1e64000 Thread exited: 0x00000191a1e64000
Event: 25406.266 Thread 0x00000191a1e64000 Thread added: 0x00000191a1e64000
Event: 25406.270 Thread 0x00000191a1e64000 Thread exited: 0x00000191a1e64000
Event: 25406.721 Thread 0x00000191a1e65000 Thread added: 0x00000191a1e65000
Event: 25406.799 Executing VM operation: G1CollectForAllocation
Event: 25406.802 Executing VM operation: G1CollectForAllocation done
Event: 25406.867 Executing VM operation: CGC_Operation
Event: 25406.874 Executing VM operation: CGC_Operation done
Event: 25406.929 Executing VM operation: CGC_Operation
Event: 25406.930 Executing VM operation: CGC_Operation done


Dynamic libraries:
0x00007ff7c12a0000 - 0x00007ff7c12cf000 	C:\Xilinx\Vivado\2020.2\bin\unwrapped\win64.o\vivado.exe
0x00007ff835f80000 - 0x00007ff8361e7000 	C:\WINDOWS\SYSTEM32\ntdll.dll
0x00007ff835440000 - 0x00007ff835509000 	C:\WINDOWS\System32\KERNEL32.DLL
0x00007ff832a40000 - 0x00007ff832e31000 	C:\WINDOWS\System32\KERNELBASE.dll
0x00007ff833060000 - 0x00007ff8331ab000 	C:\WINDOWS\System32\ucrtbase.dll
0x00007ffffd420000 - 0x00007ffffd4a8000 	C:\WINDOWS\SYSTEM32\MSVCP140.dll
0x00007fff7aad0000 - 0x00007fff7bc47000 	C:\Xilinx\Vivado\2020.2\lib\win64.o\librdi_common.dll
0x00007ff817a60000 - 0x00007ff817a73000 	C:\Xilinx\Vivado\2020.2\lib\win64.o\libboost_signals.dll
0x00007ff802ef0000 - 0x00007ff802f0e000 	C:\WINDOWS\SYSTEM32\VCRUNTIME140.dll
0x00007ff835b00000 - 0x00007ff835cc5000 	C:\WINDOWS\System32\USER32.dll
0x00007ff81dd20000 - 0x00007ff81dd38000 	C:\Xilinx\Vivado\2020.2\lib\win64.o\librdi_commonmain.dll
0x00007ff833b70000 - 0x00007ff833b97000 	C:\WINDOWS\System32\win32u.dll
0x00007ff813e20000 - 0x00007ff813e2b000 	C:\WINDOWS\SYSTEM32\VCRUNTIME140_1.dll
0x00007ff835710000 - 0x00007ff83573b000 	C:\WINDOWS\System32\GDI32.dll
0x00007ff832910000 - 0x00007ff832a3b000 	C:\WINDOWS\System32\gdi32full.dll
0x00007fffd9b10000 - 0x00007fffd9e7e000 	C:\Xilinx\Vivado\2020.2\lib\win64.o\libCOIN-all.dll
0x00007ff832860000 - 0x00007ff832903000 	C:\WINDOWS\System32\msvcp_win.dll
0x00007ff82dff0000 - 0x00007ff82e000000 	C:\Xilinx\Vivado\2020.2\lib\win64.o\libboost_date_time.dll
0x00007ff817430000 - 0x00007ff817452000 	C:\Xilinx\Vivado\2020.2\lib\win64.o\libboost_filesystem.dll
0x00007ff835d70000 - 0x00007ff835e2b000 	C:\WINDOWS\System32\ADVAPI32.dll
0x00007ff834d90000 - 0x00007ff834e39000 	C:\WINDOWS\System32\msvcrt.dll
0x00007ff835390000 - 0x00007ff835437000 	C:\WINDOWS\System32\sechost.dll
0x00007ff801900000 - 0x00007ff801973000 	C:\Xilinx\Vivado\2020.2\lib\win64.o\libboost_program_options.dll
0x00007ff802300000 - 0x00007ff802411000 	C:\Xilinx\Vivado\2020.2\lib\win64.o\libboost_regex.dll
0x00007ff8355f0000 - 0x00007ff835708000 	C:\WINDOWS\System32\RPCRT4.dll
0x00007ff8342b0000 - 0x00007ff834a0f000 	C:\WINDOWS\System32\SHELL32.dll
0x00007ff82dee0000 - 0x00007ff82dee9000 	C:\Xilinx\Vivado\2020.2\lib\win64.o\libboost_system.dll
0x00007ff817410000 - 0x00007ff81742e000 	C:\Xilinx\Vivado\2020.2\lib\win64.o\libboost_thread.dll
0x00007ff832ef0000 - 0x00007ff83305a000 	C:\WINDOWS\System32\wintypes.dll
0x00007ff81dcb0000 - 0x00007ff81dcbc000 	C:\Xilinx\Vivado\2020.2\lib\win64.o\libboost_xilinx.dll
0x00007ff835000000 - 0x00007ff835382000 	C:\WINDOWS\System32\combase.dll
0x00007ffffadd0000 - 0x00007ffffae52000 	C:\Xilinx\Vivado\2020.2\lib\win64.o\libhdlpsolve.dll
0x00007ff835740000 - 0x00007ff8357b4000 	C:\WINDOWS\System32\WS2_32.dll
0x00007ffffd1b0000 - 0x00007ffffd255000 	C:\Xilinx\Vivado\2020.2\lib\win64.o\libhdxml.dll
0x00007fff7d620000 - 0x00007fff7e412600 	C:\Xilinx\Vivado\2020.2\lib\win64.o\libisl_iostreams.dll
0x00007ff80d300000 - 0x00007ff80d328000 	C:\Xilinx\Vivado\2020.2\lib\win64.o\libisl_sysinfo.dll
0x00007fffface0000 - 0x00007ffffad45000 	C:\Xilinx\Vivado\2020.2\lib\win64.o\liblmx6.0.dll
0x00007ff8168d0000 - 0x00007ff8168ea000 	C:\Xilinx\Vivado\2020.2\lib\win64.o\pthreadVC2.dll
0x00007ffff7720000 - 0x00007ffff78b9000 	C:\Xilinx\Vivado\2020.2\lib\win64.o\librdi_commonxillic.dll
0x00007ff814150000 - 0x00007ff81416c000 	C:\Xilinx\Vivado\2020.2\lib\win64.o\librdiconfig.dll
0x00007ff833d90000 - 0x00007ff833df7000 	C:\WINDOWS\System32\SHLWAPI.dll
0x00007ff833300000 - 0x00007ff833b64000 	C:\WINDOWS\System32\Windows.Storage.dll
0x00007ff80c3a0000 - 0x00007ff80c3c1000 	C:\Xilinx\Vivado\2020.2\lib\win64.o\librdizlib.dll
0x00000000520d0000 - 0x00000000521fb000 	C:\Xilinx\Vivado\2020.2\lib\win64.o\tcl85t.dll
0x0000000012000000 - 0x0000000012270000 	C:\Xilinx\Vivado\2020.2\lib\win64.o\xerces-c_3_1.dll
0x00007ff82e020000 - 0x00007ff82e029000 	C:\Xilinx\Vivado\2020.2\lib\win64.o\librdi_commonversion.dll
0x00007ff81cd30000 - 0x00007ff81cfb8000 	C:\WINDOWS\SYSTEM32\WININET.dll
0x00007ff80d1e0000 - 0x00007ff80d1fa000 	C:\WINDOWS\SYSTEM32\NETAPI32.dll
0x00007ff828920000 - 0x00007ff828a47000 	C:\WINDOWS\SYSTEM32\WINHTTP.dll
0x00007ff81b7d0000 - 0x00007ff81b9ad000 	C:\WINDOWS\SYSTEM32\urlmon.dll
0x00007ff814050000 - 0x00007ff81405a000 	C:\WINDOWS\SYSTEM32\WSOCK32.dll
0x00007ff81b3a0000 - 0x00007ff81b3ac000 	C:\Xilinx\Vivado\2020.2\lib\win64.o\libboost_chrono.dll
0x00007ff809b40000 - 0x00007ff809b76000 	C:\WINDOWS\SYSTEM32\VCOMP140.DLL
0x00007fff78a20000 - 0x00007fff7a937000 	C:\Xilinx\Vivado\2020.2\lib\win64.o\gurobi90.dll
0x00007ff832750000 - 0x00007ff83277a000 	C:\WINDOWS\SYSTEM32\bcrypt.dll
0x00007ff833ba0000 - 0x00007ff833d17000 	C:\WINDOWS\System32\CRYPT32.dll
0x00007ff835cd0000 - 0x00007ff835d42000 	C:\WINDOWS\System32\WLDAP32.dll
0x00007ff8342a0000 - 0x00007ff8342a8000 	C:\WINDOWS\System32\Normaliz.dll
0x00007ff810bd0000 - 0x00007ff810be6000 	C:\Xilinx\Vivado\2020.2\lib\win64.o\libboost_iostreams.dll
0x00007ff80ba30000 - 0x00007ff80ba53000 	C:\Xilinx\Vivado\2020.2\lib\win64.o\libisl_iosutils.dll
0x00007ffff4d30000 - 0x00007ffff500b000 	C:\Xilinx\Vivado\2020.2\lib\win64.o\libXil_lmgr11.dll
0x00007ff834e40000 - 0x00007ff834f2e000 	C:\WINDOWS\System32\COMDLG32.dll
0x00007ff81b4d0000 - 0x00007ff81b794000 	C:\WINDOWS\SYSTEM32\iertutil.dll
0x00007ff834ab0000 - 0x00007ff834ba7000 	C:\WINDOWS\System32\shcore.dll
0x00007ff835510000 - 0x00007ff8355e7000 	C:\WINDOWS\System32\OLEAUT32.dll
0x00007ff835960000 - 0x00007ff835af5000 	C:\WINDOWS\System32\ole32.dll
0x00007ff81b090000 - 0x00007ff81b0b9000 	C:\WINDOWS\SYSTEM32\srvcli.dll
0x00007ff833270000 - 0x00007ff8332f1000 	C:\WINDOWS\System32\WINTRUST.dll
0x00007ff830ff0000 - 0x00007ff830ffd000 	C:\WINDOWS\SYSTEM32\netutils.dll
0x00007ff80eba0000 - 0x00007ff80ec54000 	C:\WINDOWS\WinSxS\amd64_microsoft.windows.common-controls_6595b64144ccf1df_5.82.26100.8037_none_87ebc5097a2f9e52\COMCTL32.dll
0x00007ff82cbb0000 - 0x00007ff82cbd3000 	C:\WINDOWS\SYSTEM32\dhcpcsvc.DLL
0x00007ff831b60000 - 0x00007ff831bcb000 	C:\WINDOWS\SYSTEM32\MSWSOCK.DLL
0x00007ff835e80000 - 0x00007ff835eb1000 	C:\WINDOWS\System32\IMM32.DLL
0x00007ff831eb0000 - 0x00007ff831ec3000 	C:\WINDOWS\SYSTEM32\MSASN1.dll
0x00007ff8315f0000 - 0x00007ff83160b000 	C:\WINDOWS\SYSTEM32\kernel.appcore.dll
0x00007fffbd460000 - 0x00007fffbd982000 	C:\Xilinx\Vivado\2020.2\lib\win64.o\librdi_commontasks.dll
0x00007ff820b50000 - 0x00007ff820b5b000 	C:\WINDOWS\SYSTEM32\VERSION.dll
0x00007fff9a130000 - 0x00007fff9ac53000 	C:\Xilinx\Vivado\2020.2\tps\win64\jre11.0.2\bin\server\jvm.dll
0x00007fffbbe20000 - 0x00007fffbc0f5000 	C:\Xilinx\Vivado\2020.2\lib\win64.o\librdi_sio.dll
0x00007ff831090000 - 0x00007ff8310c3000 	C:\WINDOWS\SYSTEM32\IPHLPAPI.DLL
0x00007ff8357c0000 - 0x00007ff8357c8000 	C:\WINDOWS\System32\PSAPI.DLL
0x00007ffff3ad0000 - 0x00007ffff3b05000 	C:\WINDOWS\SYSTEM32\WINMM.dll
0x00007fff75c90000 - 0x00007fff7874e000 	C:\Xilinx\Vivado\2020.2\lib\win64.o\librdi_tcltasks.dll
0x00007ffffa450000 - 0x00007ffffa546000 	C:\Xilinx\Vivado\2020.2\lib\win64.o\librdi_chipscope.dll
0x00007fffc6fa0000 - 0x00007fffc7153000 	C:\Xilinx\Vivado\2020.2\lib\win64.o\librdi_board.dll
0x00007fff98280000 - 0x00007fff98726000 	C:\Xilinx\Vivado\2020.2\lib\win64.o\librdi_bitstream.dll
0x00007fffbd270000 - 0x00007fffbd45a000 	C:\Xilinx\Vivado\2020.2\lib\win64.o\librdi_chipscopeimpl.dll
0x00007fff73e60000 - 0x00007fff75c8c000 	C:\Xilinx\Vivado\2020.2\lib\win64.o\librdi_constraints.dll
0x00007ffff4840000 - 0x00007ffff49a1000 	C:\Xilinx\Vivado\2020.2\lib\win64.o\librdi_containers.dll
0x00007ffffa3d0000 - 0x00007ffffa44e000 	C:\Xilinx\Vivado\2020.2\lib\win64.o\librdi_boarddep.dll
0x00007fff6d050000 - 0x00007fff6f40d000 	C:\Xilinx\Vivado\2020.2\lib\win64.o\librdi_coregen.dll
0x00007fff8f3c0000 - 0x00007fff8fad8000 	C:\Xilinx\Vivado\2020.2\lib\win64.o\librdi_coregenipxact.dll
0x00007fff6b2e0000 - 0x00007fff6d041000 	C:\Xilinx\Vivado\2020.2\lib\win64.o\librdi_designutils.dll
0x00007fff52d00000 - 0x00007fff6b2df000 	C:\Xilinx\Vivado\2020.2\lib\win64.o\librdi_device.dll
0x00007fff99020000 - 0x00007fff99388000 	C:\Xilinx\Vivado\2020.2\lib\win64.o\librdi_dlyest.dll
0x00007fff73800000 - 0x00007fff73e5d000 	C:\Xilinx\Vivado\2020.2\lib\win64.o\librdi_drc.dll
0x00007fff72d10000 - 0x00007fff733d2000 	C:\Xilinx\Vivado\2020.2\lib\win64.o\librdi_filemgmt.dll
0x00007ffff9bc0000 - 0x00007ffff9c73000 	C:\Xilinx\Vivado\2020.2\lib\win64.o\librdi_dsp.dll
0x00007fffa7190000 - 0x00007fffa74ad000 	C:\Xilinx\Vivado\2020.2\lib\win64.o\librdi_guitools.dll
0x00007fffa9b90000 - 0x00007fffa9e07000 	C:\Xilinx\Vivado\2020.2\lib\win64.o\librdi_hip_devdesign.dll
0x00007fffcdb90000 - 0x00007fffcdcd7000 	C:\Xilinx\Vivado\2020.2\lib\win64.o\librdi_hip_perf_analysis.dll
0x00007fff51120000 - 0x00007fff52cf4000 	C:\Xilinx\Vivado\2020.2\lib\win64.o\librdi_implflow.dll
0x00007ffffa790000 - 0x00007ffffa7fb000 	C:\Xilinx\Vivado\2020.2\lib\win64.o\librdi_hdf.dll
0x00007fff72150000 - 0x00007fff7279c000 	C:\Xilinx\Vivado\2020.2\lib\win64.o\librdi_memdata.dll
0x00007ffff8be0000 - 0x00007ffff8c52000 	C:\Xilinx\Vivado\2020.2\lib\win64.o\librdi_memoryarray.dll
0x00007fff70e40000 - 0x00007fff7156c000 	C:\Xilinx\Vivado\2020.2\lib\win64.o\librdi_netlist.dll
0x00007ff8013c0000 - 0x00007ff801414000 	C:\Xilinx\Vivado\2020.2\lib\win64.o\librdi_pfi.dll
0x00007fff4ecd0000 - 0x00007fff51114000 	C:\Xilinx\Vivado\2020.2\lib\win64.o\librdi_mig.dll
0x00007fff4bac0000 - 0x00007fff4ecc7000 	C:\Xilinx\Vivado\2020.2\lib\win64.o\librdi_place.dll
0x00007fff95ce0000 - 0x00007fff9607e000 	C:\Xilinx\Vivado\2020.2\lib\win64.o\librdi_platform.dll
0x00007fff4b2a0000 - 0x00007fff4bab7000 	C:\Xilinx\Vivado\2020.2\lib\win64.o\librdi_power.dll
0x00007fff707c0000 - 0x00007fff70e34000 	C:\Xilinx\Vivado\2020.2\lib\win64.o\librdi_project.dll
0x00007fff4ab70000 - 0x00007fff4b292000 	C:\Xilinx\Vivado\2020.2\lib\win64.o\librdi_psta.dll
0x00007fff4a360000 - 0x00007fff4ab6c000 	C:\Xilinx\Vivado\2020.2\lib\win64.o\librdi_rsb.dll
0x00007fff71c20000 - 0x00007fff7214b000 	C:\Xilinx\Vivado\2020.2\lib\win64.o\librdi_runs.dll
0x00007fffa5b10000 - 0x00007fffa5d84000 	C:\Xilinx\Vivado\2020.2\lib\win64.o\librdi_simdata.dll
0x00007fffd9a00000 - 0x00007fffd9b09000 	C:\Xilinx\Vivado\2020.2\lib\win64.o\librdi_runsbase.dll
0x00007fff493d0000 - 0x00007fff4a351000 	C:\Xilinx\Vivado\2020.2\lib\win64.o\librdi_timing.dll
0x00007fffbd020000 - 0x00007fffbd136000 	C:\Xilinx\Vivado\2020.2\lib\win64.o\librdi_xhub.dll
0x00007ffff8b30000 - 0x00007ffff8bd7000 	C:\Xilinx\Vivado\2020.2\lib\win64.o\librdi_xhubtasks.dll
0x00007fffbc420000 - 0x00007fffbc60b000 	C:\Xilinx\Vivado\2020.2\lib\win64.o\librdi_advchipscopeimpl.dll
0x00007ffffbc00000 - 0x00007ffffbc47000 	C:\Xilinx\Vivado\2020.2\lib\win64.o\libboost_serialization.dll
0x00007ffff7210000 - 0x00007ffff72fb000 	C:\Xilinx\Vivado\2020.2\lib\win64.o\librdi_ipconfig_readwrite.dll
0x00007ffff76b0000 - 0x00007ffff771a000 	C:\Xilinx\Vivado\2020.2\lib\win64.o\librdi_noc_frameworks.dll
0x00007ffffad80000 - 0x00007ffffadc6000 	C:\Xilinx\Vivado\2020.2\lib\win64.o\libboost_graph.dll
0x00007fffcdde0000 - 0x00007fffcdea6000 	C:\Xilinx\Vivado\2020.2\lib\win64.o\librdi_bda.dll
0x00007fff48100000 - 0x00007fff48867000 	C:\Xilinx\Vivado\2020.2\lib\win64.o\librdi_ippcw.dll
0x00007fff73500000 - 0x00007fff737fb000 	C:\Xilinx\Vivado\2020.2\lib\win64.o\librdi_hip_config.dll

dbghelp: loaded successfully - version: 4.0.5 - missing functions: none
symbol engine: initialized successfully - sym options: 0x614 - pdb path: .;C:\Xilinx\Vivado\2020.2\bin\unwrapped\win64.o;C:\WINDOWS\SYSTEM32;C:\Xilinx\Vivado\2020.2\lib\win64.o;C:\WINDOWS\WinSxS\amd64_microsoft.windows.common-controls_6595b64144ccf1df_5.82.26100.8037_none_87ebc5097a2f9e52;C:\Xilinx\Vivado\2020.2\tps\win64\jre11.0.2\bin\server;C:\Xilinx\Vivado\2020.2\tps\win64\python-3.8.3;C:\Xilinx\Vivado\2020.2\tps\win64\jre11.0.2\bin;C:\WINDOWS\WinSxS\amd64_microsoft.windows.common-controls_6595b64144ccf1df_6.0.26100.8037_none_3e092faae333b53b;C:\WINDOWS\WinSxS\amd64_microsoft.windows.gdiplus_6595b64144ccf1df_1.1.26100.8036_none_6ef439583dc61568

VM Arguments:
jvm_args: -Dsun.java2d.pmoffscreen=false -Dhttps.protocols=TLSv1,TLSv1.1,TLSv1.2 -Dsun.java2d.xrender=false -Dsun.java2d.d3d=false -Dsun.awt.nopixfmt=true -Dsun.java2d.dpiaware=true -Dsun.java2d.uiScale.enabled=false -Xverify:none -Dswing.aatext=true -XX:-UsePerfData -Djdk.map.althashing.threshold=512 -XX:StringTableSize=4072 --add-opens=java.base/java.nio=ALL-UNNAMED --add-opens=java.desktop/sun.swing=ALL-UNNAMED --add-opens=java.desktop/javax.swing=ALL-UNNAMED --add-opens=java.desktop/javax.swing.tree=ALL-UNNAMED --add-opens=java.desktop/javax.swing.plaf.basic=ALL-UNNAMED --add-opens=java.desktop/javax.swing.plaf.synth=ALL-UNNAMED --add-opens=java.desktop/com.sun.awt=ALL-UNNAMED -XX:NewSize=60m -XX:MaxNewSize=60m -Xms128m -Xmx3072m -Xss5m 
java_command: <unknown>
java_class_path (initial): C:/Xilinx/Vivado/2020.2\lib\classes\alloy.jar;C:/Xilinx/Vivado/2020.2\lib\classes\ArchiveSummary.jar;C:/Xilinx/Vivado/2020.2\lib\classes\autoesl-models.jar;C:/Xilinx/Vivado/2020.2\lib\classes\autopilot.scelaborator.jar;C:/Xilinx/Vivado/2020.2\lib\classes\autopilot.sourceprocessor.jar;C:/Xilinx/Vivado/2020.2\lib\classes\autopilot.tbprocessor.jar;C:/Xilinx/Vivado/2020.2\lib\classes\batik-anim.jar;C:/Xilinx/Vivado/2020.2\lib\classes\batik-awt-util.jar;C:/Xilinx/Vivado/2020.2\lib\classes\batik-bridge.jar;C:/Xilinx/Vivado/2020.2\lib\classes\batik-codec.jar;C:/Xilinx/Vivado/2020.2\lib\classes\batik-css.jar;C:/Xilinx/Vivado/2020.2\lib\classes\batik-dom.jar;C:/Xilinx/Vivado/2020.2\lib\classes\batik-ext.jar;C:/Xilinx/Vivado/2020.2\lib\classes\batik-gui-util.jar;C:/Xilinx/Vivado/2020.2\lib\classes\batik-gvt.jar;C:/Xilinx/Vivado/2020.2\lib\classes\batik-parser.jar;C:/Xilinx/Vivado/2020.2\lib\classes\batik-script.jar;C:/Xilinx/Vivado/2020.2\lib\classes\batik-svg-dom.jar;C:/Xilinx/Vivado/2020.2\lib\classes\batik-swing.jar;C:/Xilinx/Vivado/2020.2\lib\classes\batik-transcoder.jar;C:/Xilinx/Vivado/2020.2\lib\classes\batik-util.jar;C:/Xilinx/Vivado/2020.2\lib\classes\batik-xml.jar;C:/Xilinx/Vivado/2020.2\lib\classes\com.google.gson_2.8.2.v20180104-1110.jar;C:/Xilinx/Vivado/2020.2\lib\classes\com.google.guava_27.1.0.v20190517-1946.jar;C:/Xilinx/Vivado/2020.2\lib\classes\com.ibm.icu_4.4.2.v20110208.jar;C:/Xilinx/Vivado/2020.2\lib\classes\com.sigasi.hdt.connection_4.9.0.202009050929.jar;C:/Xilinx/Vivado/2020.2\lib\classes\com.sigasi.hdt.epl_4.9.0.202009050929.jar;C:/Xilinx/Vivado/2020.2\lib\classes\com.sigasi.hdt.project_4.9.0.202009050929.jar;C:/Xilinx/Vivado/2020.2\lib\classes\com.sigasi.hdt.readonlyfilesystem_4.9.0.202009050929.jar;C:/Xilinx/Vivado/2020.2\lib\classes\com.sigasi.lcm_4.9.0.202009050929.jar;C:/Xilinx/Vivado/2020.2\lib\classes\com.sigasi.sdk.client_4.9.0.202009050929.jar;C:/Xilinx/Vivado/2020.2\lib\classes\com.xilinx.hls.services.jar;C:/Xili
Launcher Type: generic

[Global flags]
     bool BytecodeVerificationLocal                = false                                     {product} {command line}
     bool BytecodeVerificationRemote               = false                                     {product} {command line}
     intx CICompilerCount                          = 12                                        {product} {ergonomic}
     uint ConcGCThreads                            = 3                                         {product} {ergonomic}
     uint G1ConcRefinementThreads                  = 13                                        {product} {ergonomic}
   size_t G1HeapRegionSize                         = 1048576                                   {product} {ergonomic}
    uintx GCDrainStackTargetSize                   = 64                                        {product} {ergonomic}
   size_t InitialHeapSize                          = 134217728                                 {product} {command line}
   size_t MarkStackSize                            = 4194304                                   {product} {ergonomic}
   size_t MaxHeapSize                              = 3221225472                                {product} {command line}
   size_t MaxNewSize                               = 62914560                                  {product} {command line}
   size_t MinHeapDeltaBytes                        = 1048576                                   {product} {ergonomic}
   size_t NewSize                                  = 62914560                                  {product} {command line}
    uintx NonNMethodCodeHeapSize                   = 7591728                                {pd product} {ergonomic}
    uintx NonProfiledCodeHeapSize                  = 122033256                              {pd product} {ergonomic}
    uintx ProfiledCodeHeapSize                     = 122033256                              {pd product} {ergonomic}
    uintx ReservedCodeCacheSize                    = 251658240                              {pd product} {ergonomic}
     bool SegmentedCodeCache                       = true                                      {product} {ergonomic}
    uintx StringTableSize                          = 4072                                      {product} {command line}
     intx ThreadStackSize                          = 5120                                   {pd product} {command line}
     bool UseCompressedClassPointers               = true                                 {lp64_product} {ergonomic}
     bool UseCompressedOops                        = true                                 {lp64_product} {ergonomic}
     bool UseG1GC                                  = true                                      {product} {ergonomic}
     bool UseLargePagesIndividualAllocation        = false                                  {pd product} {ergonomic}
     bool UsePerfData                              = false                                     {product} {command line}

Logging:
Log output configuration:
 #0: stdout all=warning uptime,level,tags
 #1: stderr all=off uptime,level,tags

Environment Variables:
PATH=C:/Xilinx/Vivado/2020.2\gnuwin\bin;C:/Xilinx/Vivado/2020.2\gnu\microblaze\nt\bin;C:/Xilinx/Vivado/2020.2/bin;C:/Xilinx/Vivado/2020.2/tps/win64/javafx-sdk-11.0.2/lib;C:/Xilinx/Vivado/2020.2/tps/win64/javafx-sdk-11.0.2/bin;C:/Xilinx/Vivado/2020.2/lib/win64.o;C:/Xilinx/Vivado/2020.2/tps/win64/jre11.0.2/bin/server;C:/Xilinx/Vivado/2020.2/tps/win64/jre11.0.2/bin;C:/Xilinx/Vitis/2020.2/bin;C:/Xilinx/Vivado/2020.2/ids_lite/ISE/bin/nt64;C:/Xilinx/Vivado/2020.2/ids_lite/ISE/lib/nt64;C:/Xilinx/Vitis_HLS/2020.2/bin;C:\WINDOWS;C:\WINDOWS\System32\Wbem;C:\WINDOWS\System32\WindowsPowerShell\v1.0\;C:\WINDOWS\System32\OpenSSH\;C:\Program Files\Bandizip\;C:\Program Files (x86)\Windows Kits\10\Windows Performance Toolkit\;C:\Program Files\Git\cmd;C:\Users\kccistc\AppData\Local\Microsoft\WindowsApps;C:\Users\kccistc\.lmstudio\bin;C:\Users\kccistc\AppData\Local\Programs\Microsoft VS Code\bin;;C:/Xilinx/Vivado/2020.2\tps\mingw\6.2.0\win64.o\nt\bin;C:/Xilinx/Vivado/2020.2\tps\mingw\6.2.0\win64.o\nt\libexec\gcc\x86_64-w64-mingw32\6.2.0;C:/Xilinx/Vivado/2020.2\tps\win64\python-3.8.3;C:/Xilinx/Vivado/2020.2\tps\win64\python-3.8.3\bin;C:/Xilinx/Vivado/2020.2\tps\win64\python-3.8.3\lib;C:/Xilinx/Vivado/2020.2\tps\win64\python-3.8.3\lib\site-packages
USERNAME=kccistc
OS=Windows_NT
PROCESSOR_IDENTIFIER=Intel64 Family 6 Model 154 Stepping 3, GenuineIntel



---------------  S Y S T E M  ---------------

OS: Windows 10 , 64 bit Build 26100 (10.0.26100.7920)

CPU:total 16 (initial active 16) (8 cores per cpu, 2 threads per core) family 6 model 154 stepping 3, cmov, cx8, fxsr, mmx, sse, sse2, sse3, ssse3, sse4.1, sse4.2, popcnt, avx, avx2, aes, clmul, erms, 3dnowpref, lzcnt, ht, tsc, tscinvbit, bmi1, bmi2, adx, sha, fma

Memory: 4k page, system-wide physical 16066M (4462M free)
TotalPageFile size 35522M (AvailPageFile size 3791M)
current process WorkingSet (physical memory assigned to process): 960M, peak: 3244M
current process commit charge ("private bytes"): 4867M, peak: 4900M

vm_info: OpenJDK 64-Bit Server VM (11.0.2+9) for windows-amd64 JRE (11.0.2+9), built on Jan 18 2019 05:23:22 by "mach5one" with MS VC++ 15.5 (VS2017)

END.
